﻿<?xml version="1.0" encoding="utf-8"?>
<root>
  <DAOBus>
    <IsRunningId>False</IsRunningId>
    <IsDeleted>False</IsDeleted>
    <Id>1040303</Id>
    <LicenseNumber>1040303</LicenseNumber>
    <LicenseDate>01/02/2014 00:00:00</LicenseDate>
    <FuelRemain>500</FuelRemain>
    <Status>Ready</Status>
    <LastCareDate>01/02/2021  00:00:00</LastCareDate>
    <TimeToReady>NuN</TimeToReady>
  </DAOBus>
  <DAOBus>
    <IsRunningId>False</IsRunningId>
    <IsDeleted>False</IsDeleted>
    <Id>1121115</Id>
    <LicenseNumber>1121115</LicenseNumber>
    <LicenseDate>01/02/2014 00:00:00</LicenseDate>
    <FuelRemain>500</FuelRemain>
    <Status>Ready</Status>
    <LastCareDate>01/02/2021  00:00:00</LastCareDate>
    <TimeToReady>NuN</TimeToReady>
  </DAOBus>
  <DAOBus>
    <IsRunningId>False</IsRunningId>
    <IsDeleted>False</IsDeleted>
    <Id>1141318</Id>
    <LicenseNumber>1141318</LicenseNumber>
    <LicenseDate>01/02/2014 00:00:00</LicenseDate>
    <FuelRemain>500</FuelRemain>
    <Status>Ready</Status>
    <LastCareDate>01/02/2021  00:00:00</LastCareDate>
    <TimeToReady>NuN</TimeToReady>
  </DAOBus>
  <DAOBus>
    <IsRunningId>False</IsRunningId>
    <IsDeleted>False</IsDeleted>
    <Id>1181724</Id>
    <LicenseNumber>1181724</LicenseNumber>
    <LicenseDate>01/02/2014 00:00:00</LicenseDate>
    <FuelRemain>500</FuelRemain>
    <Status>Ready</Status>
    <LastCareDate>01/02/2021  00:00:00</LastCareDate>
    <TimeToReady>NuN</TimeToReady>
  </DAOBus>
  <DAOBus>
    <IsRunningId>False</IsRunningId>
    <IsDeleted>False</IsDeleted>
    <Id>1201927</Id>
    <LicenseNumber>1201927</LicenseNumber>
    <LicenseDate>01/02/2014 00:00:00</LicenseDate>
    <FuelRemain>500</FuelRemain>
    <Status>Ready</Status>
    <LastCareDate>01/02/2021  00:00:00</LastCareDate>
    <TimeToReady>NuN</TimeToReady>
  </DAOBus>
  <DAOBus>
    <IsRunningId>False</IsRunningId>
    <IsDeleted>False</IsDeleted>
    <Id>1222130</Id>
    <LicenseNumber>1222130</LicenseNumber>
    <LicenseDate>01/02/2014 00:00:00</LicenseDate>
    <FuelRemain>500</FuelRemain>
    <Status>Ready</Status>
    <LastCareDate>01/02/2021  00:00:00</LastCareDate>
    <TimeToReady>NuN</TimeToReady>
  </DAOBus>
  <DAOBus>
    <IsRunningId>False</IsRunningId>
    <IsDeleted>False</IsDeleted>
    <Id>1242333</Id>
    <LicenseNumber>1242333</LicenseNumber>
    <LicenseDate>01/02/2014 00:00:00</LicenseDate>
    <FuelRemain>500</FuelRemain>
    <Status>Ready</Status>
    <LastCareDate>01/02/2021  00:00:00</LastCareDate>
    <TimeToReady>NuN</TimeToReady>
  </DAOBus>
  <DAOBus>
    <IsRunningId>False</IsRunningId>
    <IsDeleted>False</IsDeleted>
    <Id>1282739</Id>
    <LicenseNumber>1282739</LicenseNumber>
    <LicenseDate>01/02/2014 00:00:00</LicenseDate>
    <FuelRemain>500</FuelRemain>
    <Status>Ready</Status>
    <LastCareDate>01/02/2021  00:00:00</LastCareDate>
    <TimeToReady>NuN</TimeToReady>
  </DAOBus>
  <DAOBus>
    <IsRunningId>False</IsRunningId>
    <IsDeleted>False</IsDeleted>
    <Id>2262536</Id>
    <LicenseNumber>2262536</LicenseNumber>
    <LicenseDate>01/02/2014 00:00:00</LicenseDate>
    <FuelRemain>500</FuelRemain>
    <Status>Ready</Status>
    <LastCareDate>01/02/2021  00:00:00</LastCareDate>
    <TimeToReady>NuN</TimeToReady>
  </DAOBus>
  <DAOBus>
    <IsRunningId>False</IsRunningId>
    <IsDeleted>False</IsDeleted>
    <Id>2282739</Id>
    <LicenseNumber>2282739</LicenseNumber>
    <LicenseDate>01/02/2014 00:00:00</LicenseDate>
    <FuelRemain>500</FuelRemain>
    <Status>Ready</Status>
    <LastCareDate>01/02/2021  00:00:00</LastCareDate>
    <TimeToReady>NuN</TimeToReady>
  </DAOBus>
  <DAOBus>
    <IsRunningId>False</IsRunningId>
    <IsDeleted>False</IsDeleted>
    <Id>2302942</Id>
    <LicenseNumber>2302942</LicenseNumber>
    <LicenseDate>01/02/2014 00:00:00</LicenseDate>
    <FuelRemain>500</FuelRemain>
    <Status>Ready</Status>
    <LastCareDate>01/02/2021  00:00:00</LastCareDate>
    <TimeToReady>NuN</TimeToReady>
  </DAOBus>
  <DAOBus>
    <IsRunningId>False</IsRunningId>
    <IsDeleted>False</IsDeleted>
    <Id>2323145</Id>
    <LicenseNumber>2323145</LicenseNumber>
    <LicenseDate>01/02/2014 00:00:00</LicenseDate>
    <FuelRemain>500</FuelRemain>
    <Status>Ready</Status>
    <LastCareDate>01/02/2021  00:00:00</LastCareDate>
    <TimeToReady>NuN</TimeToReady>
  </DAOBus>
  <DAOBus>
    <IsRunningId>False</IsRunningId>
    <IsDeleted>False</IsDeleted>
    <Id>2343348</Id>
    <LicenseNumber>2343348</LicenseNumber>
    <LicenseDate>01/02/2014 00:00:00</LicenseDate>
    <FuelRemain>500</FuelRemain>
    <Status>Ready</Status>
    <LastCareDate>01/02/2021  00:00:00</LastCareDate>
    <TimeToReady>NuN</TimeToReady>
  </DAOBus>
  <DAOBus>
    <IsRunningId>False</IsRunningId>
    <IsDeleted>False</IsDeleted>
    <Id>2363551</Id>
    <LicenseNumber>2363551</LicenseNumber>
    <LicenseDate>01/02/2014 00:00:00</LicenseDate>
    <FuelRemain>500</FuelRemain>
    <Status>Ready</Status>
    <LastCareDate>01/02/2021  00:00:00</LastCareDate>
    <TimeToReady>NuN</TimeToReady>
  </DAOBus>
  <DAOBus>
    <IsRunningId>False</IsRunningId>
    <IsDeleted>False</IsDeleted>
    <Id>2383754</Id>
    <LicenseNumber>2383754</LicenseNumber>
    <LicenseDate>01/02/2014 00:00:00</LicenseDate>
    <FuelRemain>500</FuelRemain>
    <Status>Ready</Status>
    <LastCareDate>01/02/2021  00:00:00</LastCareDate>
    <TimeToReady>NuN</TimeToReady>
  </DAOBus>
  <DAOBus>
    <IsRunningId>False</IsRunningId>
    <IsDeleted>False</IsDeleted>
    <Id>2403957</Id>
    <LicenseNumber>2403957</LicenseNumber>
    <LicenseDate>01/02/2014 00:00:00</LicenseDate>
    <FuelRemain>500</FuelRemain>
    <Status>Ready</Status>
    <LastCareDate>01/02/2021  00:00:00</LastCareDate>
    <TimeToReady>NuN</TimeToReady>
  </DAOBus>
  <DAOBus>
    <IsRunningId>False</IsRunningId>
    <IsDeleted>False</IsDeleted>
    <Id>2424160</Id>
    <LicenseNumber>2424160</LicenseNumber>
    <LicenseDate>01/02/2014 00:00:00</LicenseDate>
    <FuelRemain>500</FuelRemain>
    <Status>Ready</Status>
    <LastCareDate>01/02/2021  00:00:00</LastCareDate>
    <TimeToReady>NuN</TimeToReady>
  </DAOBus>
  <DAOBus>
    <IsRunningId>False</IsRunningId>
    <IsDeleted>False</IsDeleted>
    <Id>2444363</Id>
    <LicenseNumber>2444363</LicenseNumber>
    <LicenseDate>01/02/2014 00:00:00</LicenseDate>
    <FuelRemain>500</FuelRemain>
    <Status>Ready</Status>
    <LastCareDate>01/02/2021  00:00:00</LastCareDate>
    <TimeToReady>NuN</TimeToReady>
  </DAOBus>
  <DAOBus>
    <IsRunningId>False</IsRunningId>
    <IsDeleted>False</IsDeleted>
    <Id>2464566</Id>
    <LicenseNumber>2464566</LicenseNumber>
    <LicenseDate>01/02/2014 00:00:00</LicenseDate>
    <FuelRemain>500</FuelRemain>
    <Status>Ready</Status>
    <LastCareDate>01/02/2021  00:00:00</LastCareDate>
    <TimeToReady>NuN</TimeToReady>
  </DAOBus>
  <DAOBus>
    <IsRunningId>False</IsRunningId>
    <IsDeleted>False</IsDeleted>
    <Id>2484769</Id>
    <LicenseNumber>2484769</LicenseNumber>
    <LicenseDate>01/02/2014 00:00:00</LicenseDate>
    <FuelRemain>500</FuelRemain>
    <Status>Ready</Status>
    <LastCareDate>01/02/2021  00:00:00</LastCareDate>
    <TimeToReady>NuN</TimeToReady>
  </DAOBus>
  <DAOBus>
    <IsRunningId>False</IsRunningId>
    <IsDeleted>False</IsDeleted>
    <Id>2504972</Id>
    <LicenseNumber>2504972</LicenseNumber>
    <LicenseDate>01/02/2014 00:00:00</LicenseDate>
    <FuelRemain>500</FuelRemain>
    <Status>Ready</Status>
    <LastCareDate>01/02/2021  00:00:00</LastCareDate>
    <TimeToReady>NuN</TimeToReady>
  </DAOBus>
  <DAOBus>
    <IsRunningId>False</IsRunningId>
    <IsDeleted>False</IsDeleted>
    <Id>2525175</Id>
    <LicenseNumber>2525175</LicenseNumber>
    <LicenseDate>01/02/2014 00:00:00</LicenseDate>
    <FuelRemain>500</FuelRemain>
    <Status>Ready</Status>
    <LastCareDate>01/02/2021  00:00:00</LastCareDate>
    <TimeToReady>NuN</TimeToReady>
  </DAOBus>
  <DAOBus>
    <IsRunningId>False</IsRunningId>
    <IsDeleted>False</IsDeleted>
    <Id>3504972</Id>
    <LicenseNumber>3504972</LicenseNumber>
    <LicenseDate>01/02/2014 00:00:00</LicenseDate>
    <FuelRemain>500</FuelRemain>
    <Status>Ready</Status>
    <LastCareDate>01/02/2021  00:00:00</LastCareDate>
    <TimeToReady>NuN</TimeToReady>
  </DAOBus>
  <DAOBus>
    <IsRunningId>False</IsRunningId>
    <IsDeleted>False</IsDeleted>
    <Id>3525175</Id>
    <LicenseNumber>3525175</LicenseNumber>
    <LicenseDate>01/02/2014 00:00:00</LicenseDate>
    <FuelRemain>500</FuelRemain>
    <Status>Ready</Status>
    <LastCareDate>01/02/2021  00:00:00</LastCareDate>
    <TimeToReady>NuN</TimeToReady>
  </DAOBus>
  <DAOBus>
    <IsRunningId>False</IsRunningId>
    <IsDeleted>False</IsDeleted>
    <Id>3545378</Id>
    <LicenseNumber>3545378</LicenseNumber>
    <LicenseDate>01/02/2014 00:00:00</LicenseDate>
    <FuelRemain>500</FuelRemain>
    <Status>Ready</Status>
    <LastCareDate>01/02/2021  00:00:00</LastCareDate>
    <TimeToReady>NuN</TimeToReady>
  </DAOBus>
  <DAOBus>
    <IsRunningId>False</IsRunningId>
    <IsDeleted>False</IsDeleted>
    <Id>3565581</Id>
    <LicenseNumber>3565581</LicenseNumber>
    <LicenseDate>01/02/2014 00:00:00</LicenseDate>
    <FuelRemain>500</FuelRemain>
    <Status>Ready</Status>
    <LastCareDate>01/02/2021  00:00:00</LastCareDate>
    <TimeToReady>NuN</TimeToReady>
  </DAOBus>
  <DAOBus>
    <IsRunningId>False</IsRunningId>
    <IsDeleted>False</IsDeleted>
    <Id>3585784</Id>
    <LicenseNumber>3585784</LicenseNumber>
    <LicenseDate>01/02/2014 00:00:00</LicenseDate>
    <FuelRemain>500</FuelRemain>
    <Status>Ready</Status>
    <LastCareDate>01/02/2021  00:00:00</LastCareDate>
    <TimeToReady>NuN</TimeToReady>
  </DAOBus>
  <DAOBus>
    <IsRunningId>False</IsRunningId>
    <IsDeleted>False</IsDeleted>
    <Id>3605987</Id>
    <LicenseNumber>3605987</LicenseNumber>
    <LicenseDate>01/02/2014 00:00:00</LicenseDate>
    <FuelRemain>500</FuelRemain>
    <Status>Ready</Status>
    <LastCareDate>01/02/2021  00:00:00</LastCareDate>
    <TimeToReady>NuN</TimeToReady>
  </DAOBus>
  <DAOBus>
    <IsRunningId>False</IsRunningId>
    <IsDeleted>False</IsDeleted>
    <Id>3626190</Id>
    <LicenseNumber>3626190</LicenseNumber>
    <LicenseDate>01/02/2014 00:00:00</LicenseDate>
    <FuelRemain>500</FuelRemain>
    <Status>Ready</Status>
    <LastCareDate>01/02/2021  00:00:00</LastCareDate>
    <TimeToReady>NuN</TimeToReady>
  </DAOBus>
  <DAOBus>
    <IsRunningId>False</IsRunningId>
    <IsDeleted>False</IsDeleted>
    <Id>3646393</Id>
    <LicenseNumber>3646393</LicenseNumber>
    <LicenseDate>01/02/2014 00:00:00</LicenseDate>
    <FuelRemain>500</FuelRemain>
    <Status>Ready</Status>
    <LastCareDate>01/02/2021  00:00:00</LastCareDate>
    <TimeToReady>NuN</TimeToReady>
  </DAOBus>
  <DAOBus>
    <IsRunningId>False</IsRunningId>
    <IsDeleted>False</IsDeleted>
    <Id>3666596</Id>
    <LicenseNumber>3666596</LicenseNumber>
    <LicenseDate>01/02/2014 00:00:00</LicenseDate>
    <FuelRemain>500</FuelRemain>
    <Status>Ready</Status>
    <LastCareDate>01/02/2021  00:00:00</LastCareDate>
    <TimeToReady>NuN</TimeToReady>
  </DAOBus>
  <DAOBus>
    <IsRunningId>False</IsRunningId>
    <IsDeleted>False</IsDeleted>
    <Id>3686799</Id>
    <LicenseNumber>3686799</LicenseNumber>
    <LicenseDate>01/02/2014 00:00:00</LicenseDate>
    <FuelRemain>500</FuelRemain>
    <Status>Ready</Status>
    <LastCareDate>01/02/2021  00:00:00</LastCareDate>
    <TimeToReady>NuN</TimeToReady>
  </DAOBus>
  <DAOBus>
    <IsRunningId>False</IsRunningId>
    <IsDeleted>False</IsDeleted>
    <Id>3707002</Id>
    <LicenseNumber>3707002</LicenseNumber>
    <LicenseDate>01/02/2014 00:00:00</LicenseDate>
    <FuelRemain>500</FuelRemain>
    <Status>Ready</Status>
    <LastCareDate>01/02/2021  00:00:00</LastCareDate>
    <TimeToReady>NuN</TimeToReady>
  </DAOBus>
  <DAOBus>
    <IsRunningId>False</IsRunningId>
    <IsDeleted>False</IsDeleted>
    <Id>3727205</Id>
    <LicenseNumber>3727205</LicenseNumber>
    <LicenseDate>01/02/2014 00:00:00</LicenseDate>
    <FuelRemain>500</FuelRemain>
    <Status>Ready</Status>
    <LastCareDate>01/02/2021  00:00:00</LastCareDate>
    <TimeToReady>NuN</TimeToReady>
  </DAOBus>
  <DAOBus>
    <IsRunningId>False</IsRunningId>
    <IsDeleted>False</IsDeleted>
    <Id>4707002</Id>
    <LicenseNumber>4707002</LicenseNumber>
    <LicenseDate>01/02/2014 00:00:00</LicenseDate>
    <FuelRemain>500</FuelRemain>
    <Status>Ready</Status>
    <LastCareDate>01/02/2021  00:00:00</LastCareDate>
    <TimeToReady>NuN</TimeToReady>
  </DAOBus>
  <DAOBus>
    <IsRunningId>False</IsRunningId>
    <IsDeleted>False</IsDeleted>
    <Id>4727205</Id>
    <LicenseNumber>4727205</LicenseNumber>
    <LicenseDate>01/02/2014 00:00:00</LicenseDate>
    <FuelRemain>500</FuelRemain>
    <Status>Ready</Status>
    <LastCareDate>01/02/2021  00:00:00</LastCareDate>
    <TimeToReady>NuN</TimeToReady>
  </DAOBus>
  <DAOBus>
    <IsRunningId>False</IsRunningId>
    <IsDeleted>False</IsDeleted>
    <Id>4747408</Id>
    <LicenseNumber>4747408</LicenseNumber>
    <LicenseDate>01/02/2014 00:00:00</LicenseDate>
    <FuelRemain>500</FuelRemain>
    <Status>Ready</Status>
    <LastCareDate>01/02/2021  00:00:00</LastCareDate>
    <TimeToReady>NuN</TimeToReady>
  </DAOBus>
  <DAOBus>
    <IsRunningId>False</IsRunningId>
    <IsDeleted>False</IsDeleted>
    <Id>4767611</Id>
    <LicenseNumber>4767611</LicenseNumber>
    <LicenseDate>01/02/2014 00:00:00</LicenseDate>
    <FuelRemain>500</FuelRemain>
    <Status>Ready</Status>
    <LastCareDate>01/02/2021  00:00:00</LastCareDate>
    <TimeToReady>NuN</TimeToReady>
  </DAOBus>
  <DAOBus>
    <IsRunningId>False</IsRunningId>
    <IsDeleted>False</IsDeleted>
    <Id>4787814</Id>
    <LicenseNumber>4787814</LicenseNumber>
    <LicenseDate>01/02/2014 00:00:00</LicenseDate>
    <FuelRemain>500</FuelRemain>
    <Status>Ready</Status>
    <LastCareDate>01/02/2021  00:00:00</LastCareDate>
    <TimeToReady>NuN</TimeToReady>
  </DAOBus>
  <DAOBus>
    <IsRunningId>False</IsRunningId>
    <IsDeleted>False</IsDeleted>
    <Id>4808017</Id>
    <LicenseNumber>4808017</LicenseNumber>
    <LicenseDate>01/02/2014 00:00:00</LicenseDate>
    <FuelRemain>500</FuelRemain>
    <Status>Ready</Status>
    <LastCareDate>01/02/2021  00:00:00</LastCareDate>
    <TimeToReady>NuN</TimeToReady>
  </DAOBus>
  <DAOBus>
    <IsRunningId>False</IsRunningId>
    <IsDeleted>False</IsDeleted>
    <Id>4828220</Id>
    <LicenseNumber>4828220</LicenseNumber>
    <LicenseDate>01/02/2014 00:00:00</LicenseDate>
    <FuelRemain>500</FuelRemain>
    <Status>Ready</Status>
    <LastCareDate>01/02/2021  00:00:00</LastCareDate>
    <TimeToReady>NuN</TimeToReady>
  </DAOBus>
  <DAOBus>
    <IsRunningId>False</IsRunningId>
    <IsDeleted>False</IsDeleted>
    <Id>4848423</Id>
    <LicenseNumber>4848423</LicenseNumber>
    <LicenseDate>01/02/2014 00:00:00</LicenseDate>
    <FuelRemain>500</FuelRemain>
    <Status>Ready</Status>
    <LastCareDate>01/02/2021  00:00:00</LastCareDate>
    <TimeToReady>NuN</TimeToReady>
  </DAOBus>
  <DAOBus>
    <IsRunningId>False</IsRunningId>
    <IsDeleted>False</IsDeleted>
    <Id>4868626</Id>
    <LicenseNumber>4868626</LicenseNumber>
    <LicenseDate>01/02/2014 00:00:00</LicenseDate>
    <FuelRemain>500</FuelRemain>
    <Status>Ready</Status>
    <LastCareDate>01/02/2021  00:00:00</LastCareDate>
    <TimeToReady>NuN</TimeToReady>
  </DAOBus>
  <DAOBus>
    <IsRunningId>False</IsRunningId>
    <IsDeleted>False</IsDeleted>
    <Id>5148423</Id>
    <LicenseNumber>5148423</LicenseNumber>
    <LicenseDate>01/02/2014 00:00:00</LicenseDate>
    <FuelRemain>500</FuelRemain>
    <Status>Ready</Status>
    <LastCareDate>01/02/2021  00:00:00</LastCareDate>
    <TimeToReady>NuN</TimeToReady>
  </DAOBus>
  <DAOBus>
    <IsRunningId>False</IsRunningId>
    <IsDeleted>False</IsDeleted>
    <Id>5168626</Id>
    <LicenseNumber>5168626</LicenseNumber>
    <LicenseDate>01/02/2014 00:00:00</LicenseDate>
    <FuelRemain>500</FuelRemain>
    <Status>Ready</Status>
    <LastCareDate>01/02/2021  00:00:00</LastCareDate>
    <TimeToReady>NuN</TimeToReady>
  </DAOBus>
  <DAOBus>
    <IsRunningId>False</IsRunningId>
    <IsDeleted>False</IsDeleted>
    <Id>5188829</Id>
    <LicenseNumber>5188829</LicenseNumber>
    <LicenseDate>01/02/2014 00:00:00</LicenseDate>
    <FuelRemain>500</FuelRemain>
    <Status>Ready</Status>
    <LastCareDate>01/02/2021  00:00:00</LastCareDate>
    <TimeToReady>NuN</TimeToReady>
  </DAOBus>
  <DAOBus>
    <IsRunningId>False</IsRunningId>
    <IsDeleted>False</IsDeleted>
    <Id>5209032</Id>
    <LicenseNumber>5209032</LicenseNumber>
    <LicenseDate>01/02/2014 00:00:00</LicenseDate>
    <FuelRemain>500</FuelRemain>
    <Status>Ready</Status>
    <LastCareDate>01/02/2021  00:00:00</LastCareDate>
    <TimeToReady>NuN</TimeToReady>
  </DAOBus>
  <DAOBus>
    <IsRunningId>False</IsRunningId>
    <IsDeleted>False</IsDeleted>
    <Id>5229235</Id>
    <LicenseNumber>5229235</LicenseNumber>
    <LicenseDate>01/02/2014 00:00:00</LicenseDate>
    <FuelRemain>500</FuelRemain>
    <Status>Ready</Status>
    <LastCareDate>01/02/2021  00:00:00</LastCareDate>
    <TimeToReady>NuN</TimeToReady>
  </DAOBus>
  <DAOBus>
    <IsRunningId>False</IsRunningId>
    <IsDeleted>False</IsDeleted>
    <Id>5249438</Id>
    <LicenseNumber>5249438</LicenseNumber>
    <LicenseDate>01/02/2014 00:00:00</LicenseDate>
    <FuelRemain>500</FuelRemain>
    <Status>Ready</Status>
    <LastCareDate>01/02/2021  00:00:00</LastCareDate>
    <TimeToReady>NuN</TimeToReady>
  </DAOBus>
  <DAOBus>
    <IsRunningId>False</IsRunningId>
    <IsDeleted>False</IsDeleted>
    <Id>5269641</Id>
    <LicenseNumber>5269641</LicenseNumber>
    <LicenseDate>01/02/2014 00:00:00</LicenseDate>
    <FuelRemain>500</FuelRemain>
    <Status>Ready</Status>
    <LastCareDate>01/02/2021  00:00:00</LastCareDate>
    <TimeToReady>NuN</TimeToReady>
  </DAOBus>
  <DAOBus>
    <IsRunningId>False</IsRunningId>
    <IsDeleted>False</IsDeleted>
    <Id>5289844</Id>
    <LicenseNumber>5289844</LicenseNumber>
    <LicenseDate>01/02/2014 00:00:00</LicenseDate>
    <FuelRemain>500</FuelRemain>
    <Status>Ready</Status>
    <LastCareDate>01/02/2021  00:00:00</LastCareDate>
    <TimeToReady>NuN</TimeToReady>
  </DAOBus>
  <DAOBus>
    <IsRunningId>False</IsRunningId>
    <IsDeleted>False</IsDeleted>
    <Id>5310047</Id>
    <LicenseNumber>5310047</LicenseNumber>
    <LicenseDate>01/02/2014 00:00:00</LicenseDate>
    <FuelRemain>500</FuelRemain>
    <Status>Ready</Status>
    <LastCareDate>01/02/2021  00:00:00</LastCareDate>
    <TimeToReady>NuN</TimeToReady>
  </DAOBus>
  <DAOBus>
    <IsRunningId>False</IsRunningId>
    <IsDeleted>False</IsDeleted>
    <Id>5330250</Id>
    <LicenseNumber>5330250</LicenseNumber>
    <LicenseDate>01/02/2014 00:00:00</LicenseDate>
    <FuelRemain>500</FuelRemain>
    <Status>Ready</Status>
    <LastCareDate>01/02/2021  00:00:00</LastCareDate>
    <TimeToReady>NuN</TimeToReady>
  </DAOBus>
  <DAOBus>
    <IsRunningId>False</IsRunningId>
    <IsDeleted>False</IsDeleted>
    <Id>5350453</Id>
    <LicenseNumber>5350453</LicenseNumber>
    <LicenseDate>01/02/2014 00:00:00</LicenseDate>
    <FuelRemain>500</FuelRemain>
    <Status>Ready</Status>
    <LastCareDate>01/02/2021  00:00:00</LastCareDate>
    <TimeToReady>NuN</TimeToReady>
  </DAOBus>
  <DAOBus>
    <IsRunningId>False</IsRunningId>
    <IsDeleted>False</IsDeleted>
    <Id>5370656</Id>
    <LicenseNumber>5370656</LicenseNumber>
    <LicenseDate>01/02/2014 00:00:00</LicenseDate>
    <FuelRemain>500</FuelRemain>
    <Status>Ready</Status>
    <LastCareDate>01/02/2021  00:00:00</LastCareDate>
    <TimeToReady>NuN</TimeToReady>
  </DAOBus>
  <DAOBus>
    <IsRunningId>False</IsRunningId>
    <IsDeleted>False</IsDeleted>
    <Id>6350453</Id>
    <LicenseNumber>6350453</LicenseNumber>
    <LicenseDate>01/02/2014 00:00:00</LicenseDate>
    <FuelRemain>500</FuelRemain>
    <Status>Ready</Status>
    <LastCareDate>01/02/2021  00:00:00</LastCareDate>
    <TimeToReady>NuN</TimeToReady>
  </DAOBus>
  <DAOBus>
    <IsRunningId>False</IsRunningId>
    <IsDeleted>False</IsDeleted>
    <Id>6370656</Id>
    <LicenseNumber>6370656</LicenseNumber>
    <LicenseDate>01/02/2014 00:00:00</LicenseDate>
    <FuelRemain>500</FuelRemain>
    <Status>Ready</Status>
    <LastCareDate>01/02/2021  00:00:00</LastCareDate>
    <TimeToReady>NuN</TimeToReady>
  </DAOBus>
  <DAOBus>
    <IsRunningId>False</IsRunningId>
    <IsDeleted>False</IsDeleted>
    <Id>6390859</Id>
    <LicenseNumber>6390859</LicenseNumber>
    <LicenseDate>01/02/2014 00:00:00</LicenseDate>
    <FuelRemain>500</FuelRemain>
    <Status>Ready</Status>
    <LastCareDate>01/02/2021  00:00:00</LastCareDate>
    <TimeToReady>NuN</TimeToReady>
  </DAOBus>
  <DAOBus>
    <IsRunningId>False</IsRunningId>
    <IsDeleted>False</IsDeleted>
    <Id>6411062</Id>
    <LicenseNumber>6411062</LicenseNumber>
    <LicenseDate>01/02/2014 00:00:00</LicenseDate>
    <FuelRemain>500</FuelRemain>
    <Status>Ready</Status>
    <LastCareDate>01/02/2021  00:00:00</LastCareDate>
    <TimeToReady>NuN</TimeToReady>
  </DAOBus>
  <DAOBus>
    <IsRunningId>False</IsRunningId>
    <IsDeleted>False</IsDeleted>
    <Id>6431265</Id>
    <LicenseNumber>6431265</LicenseNumber>
    <LicenseDate>01/02/2014 00:00:00</LicenseDate>
    <FuelRemain>500</FuelRemain>
    <Status>Ready</Status>
    <LastCareDate>01/02/2021  00:00:00</LastCareDate>
    <TimeToReady>NuN</TimeToReady>
  </DAOBus>
  <DAOBus>
    <IsRunningId>False</IsRunningId>
    <IsDeleted>False</IsDeleted>
    <Id>6451468</Id>
    <LicenseNumber>6451468</LicenseNumber>
    <LicenseDate>01/02/2014 00:00:00</LicenseDate>
    <FuelRemain>500</FuelRemain>
    <Status>Ready</Status>
    <LastCareDate>01/02/2021  00:00:00</LastCareDate>
    <TimeToReady>NuN</TimeToReady>
  </DAOBus>
  <DAOBus>
    <IsRunningId>False</IsRunningId>
    <IsDeleted>False</IsDeleted>
    <Id>6471671</Id>
    <LicenseNumber>6471671</LicenseNumber>
    <LicenseDate>01/02/2014 00:00:00</LicenseDate>
    <FuelRemain>500</FuelRemain>
    <Status>Ready</Status>
    <LastCareDate>01/02/2021  00:00:00</LastCareDate>
    <TimeToReady>NuN</TimeToReady>
  </DAOBus>
  <DAOBus>
    <IsRunningId>False</IsRunningId>
    <IsDeleted>False</IsDeleted>
    <Id>6491874</Id>
    <LicenseNumber>6491874</LicenseNumber>
    <LicenseDate>01/02/2014 00:00:00</LicenseDate>
    <FuelRemain>500</FuelRemain>
    <Status>Ready</Status>
    <LastCareDate>01/02/2021  00:00:00</LastCareDate>
    <TimeToReady>NuN</TimeToReady>
  </DAOBus>
  <DAOBus>
    <IsRunningId>False</IsRunningId>
    <IsDeleted>False</IsDeleted>
    <Id>6512077</Id>
    <LicenseNumber>6512077</LicenseNumber>
    <LicenseDate>01/02/2014 00:00:00</LicenseDate>
    <FuelRemain>500</FuelRemain>
    <Status>Ready</Status>
    <LastCareDate>01/02/2021  00:00:00</LastCareDate>
    <TimeToReady>NuN</TimeToReady>
  </DAOBus>
  <DAOBus>
    <IsRunningId>False</IsRunningId>
    <IsDeleted>False</IsDeleted>
    <Id>7512077</Id>
    <LicenseNumber>7512077</LicenseNumber>
    <LicenseDate>01/02/2014 00:00:00</LicenseDate>
    <FuelRemain>500</FuelRemain>
    <Status>Ready</Status>
    <LastCareDate>01/02/2021  00:00:00</LastCareDate>
    <TimeToReady>NuN</TimeToReady>
  </DAOBus>
  <DAOBus>
    <IsRunningId>False</IsRunningId>
    <IsDeleted>False</IsDeleted>
    <Id>7532280</Id>
    <LicenseNumber>7532280</LicenseNumber>
    <LicenseDate>01/02/2014 00:00:00</LicenseDate>
    <FuelRemain>500</FuelRemain>
    <Status>Ready</Status>
    <LastCareDate>01/02/2021  00:00:00</LastCareDate>
    <TimeToReady>NuN</TimeToReady>
  </DAOBus>
  <DAOBus>
    <IsRunningId>False</IsRunningId>
    <IsDeleted>False</IsDeleted>
    <Id>7552483</Id>
    <LicenseNumber>7552483</LicenseNumber>
    <LicenseDate>01/02/2014 00:00:00</LicenseDate>
    <FuelRemain>500</FuelRemain>
    <Status>Ready</Status>
    <LastCareDate>01/02/2021  00:00:00</LastCareDate>
    <TimeToReady>NuN</TimeToReady>
  </DAOBus>
  <DAOBus>
    <IsRunningId>False</IsRunningId>
    <IsDeleted>False</IsDeleted>
    <Id>7572686</Id>
    <LicenseNumber>7572686</LicenseNumber>
    <LicenseDate>01/02/2014 00:00:00</LicenseDate>
    <FuelRemain>500</FuelRemain>
    <Status>Ready</Status>
    <LastCareDate>01/02/2021  00:00:00</LastCareDate>
    <TimeToReady>NuN</TimeToReady>
  </DAOBus>
  <DAOBus>
    <IsRunningId>False</IsRunningId>
    <IsDeleted>False</IsDeleted>
    <Id>7592889</Id>
    <LicenseNumber>7592889</LicenseNumber>
    <LicenseDate>01/02/2014 00:00:00</LicenseDate>
    <FuelRemain>500</FuelRemain>
    <Status>Ready</Status>
    <LastCareDate>01/02/2021  00:00:00</LastCareDate>
    <TimeToReady>NuN</TimeToReady>
  </DAOBus>
  <DAOBus>
    <IsRunningId>False</IsRunningId>
    <IsDeleted>False</IsDeleted>
    <Id>7613092</Id>
    <LicenseNumber>7613092</LicenseNumber>
    <LicenseDate>01/02/2014 00:00:00</LicenseDate>
    <FuelRemain>500</FuelRemain>
    <Status>Ready</Status>
    <LastCareDate>01/02/2021  00:00:00</LastCareDate>
    <TimeToReady>NuN</TimeToReady>
  </DAOBus>
  <DAOBus>
    <IsRunningId>False</IsRunningId>
    <IsDeleted>False</IsDeleted>
    <Id>7633295</Id>
    <LicenseNumber>7633295</LicenseNumber>
    <LicenseDate>01/02/2014 00:00:00</LicenseDate>
    <FuelRemain>500</FuelRemain>
    <Status>Ready</Status>
    <LastCareDate>01/02/2021  00:00:00</LastCareDate>
    <TimeToReady>NuN</TimeToReady>
  </DAOBus>
  <DAOBus>
    <IsRunningId>False</IsRunningId>
    <IsDeleted>False</IsDeleted>
    <Id>7653498</Id>
    <LicenseNumber>7653498</LicenseNumber>
    <LicenseDate>01/02/2014 00:00:00</LicenseDate>
    <FuelRemain>500</FuelRemain>
    <Status>Ready</Status>
    <LastCareDate>01/02/2021  00:00:00</LastCareDate>
    <TimeToReady>NuN</TimeToReady>
  </DAOBus>
  <DAOBus>
    <IsRunningId>False</IsRunningId>
    <IsDeleted>False</IsDeleted>
    <Id>7673701</Id>
    <LicenseNumber>7673701</LicenseNumber>
    <LicenseDate>01/02/2014 00:00:00</LicenseDate>
    <FuelRemain>500</FuelRemain>
    <Status>Ready</Status>
    <LastCareDate>01/02/2021  00:00:00</LastCareDate>
    <TimeToReady>NuN</TimeToReady>
  </DAOBus>
  <DAOBus>
    <IsRunningId>False</IsRunningId>
    <IsDeleted>False</IsDeleted>
    <Id>7693904</Id>
    <LicenseNumber>7693904</LicenseNumber>
    <LicenseDate>01/02/2014 00:00:00</LicenseDate>
    <FuelRemain>500</FuelRemain>
    <Status>Ready</Status>
    <LastCareDate>01/02/2021  00:00:00</LastCareDate>
    <TimeToReady>NuN</TimeToReady>
  </DAOBus>
  <DAOBus>
    <IsRunningId>False</IsRunningId>
    <IsDeleted>False</IsDeleted>
    <Id>7714107</Id>
    <LicenseNumber>7714107</LicenseNumber>
    <LicenseDate>01/02/2014 00:00:00</LicenseDate>
    <FuelRemain>500</FuelRemain>
    <Status>Ready</Status>
    <LastCareDate>01/02/2021  00:00:00</LastCareDate>
    <TimeToReady>NuN</TimeToReady>
  </DAOBus>
  <DAOBus>
    <IsRunningId>False</IsRunningId>
    <IsDeleted>False</IsDeleted>
    <Id>8693904</Id>
    <LicenseNumber>8693904</LicenseNumber>
    <LicenseDate>01/02/2014 00:00:00</LicenseDate>
    <FuelRemain>500</FuelRemain>
    <Status>Ready</Status>
    <LastCareDate>01/02/2021  00:00:00</LastCareDate>
    <TimeToReady>NuN</TimeToReady>
  </DAOBus>
  <DAOBus>
    <IsRunningId>False</IsRunningId>
    <IsDeleted>False</IsDeleted>
    <Id>8714107</Id>
    <LicenseNumber>8714107</LicenseNumber>
    <LicenseDate>01/02/2014 00:00:00</LicenseDate>
    <FuelRemain>500</FuelRemain>
    <Status>Ready</Status>
    <LastCareDate>01/02/2021  00:00:00</LastCareDate>
    <TimeToReady>NuN</TimeToReady>
  </DAOBus>
  <DAOBus>
    <IsRunningId>False</IsRunningId>
    <IsDeleted>False</IsDeleted>
    <Id>8734310</Id>
    <LicenseNumber>8734310</LicenseNumber>
    <LicenseDate>01/02/2014 00:00:00</LicenseDate>
    <FuelRemain>500</FuelRemain>
    <Status>Ready</Status>
    <LastCareDate>01/02/2021  00:00:00</LastCareDate>
    <TimeToReady>NuN</TimeToReady>
  </DAOBus>
  <DAOBus>
    <IsRunningId>False</IsRunningId>
    <IsDeleted>False</IsDeleted>
    <Id>8754513</Id>
    <LicenseNumber>8754513</LicenseNumber>
    <LicenseDate>01/02/2014 00:00:00</LicenseDate>
    <FuelRemain>500</FuelRemain>
    <Status>Ready</Status>
    <LastCareDate>01/02/2021  00:00:00</LastCareDate>
    <TimeToReady>NuN</TimeToReady>
  </DAOBus>
  <DAOBus>
    <IsRunningId>False</IsRunningId>
    <IsDeleted>False</IsDeleted>
    <Id>8774716</Id>
    <LicenseNumber>8774716</LicenseNumber>
    <LicenseDate>01/02/2014 00:00:00</LicenseDate>
    <FuelRemain>500</FuelRemain>
    <Status>Ready</Status>
    <LastCareDate>01/02/2021  00:00:00</LastCareDate>
    <TimeToReady>NuN</TimeToReady>
  </DAOBus>
  <DAOBus>
    <IsRunningId>False</IsRunningId>
    <IsDeleted>False</IsDeleted>
    <Id>8794919</Id>
    <LicenseNumber>8794919</LicenseNumber>
    <LicenseDate>01/02/2014 00:00:00</LicenseDate>
    <FuelRemain>500</FuelRemain>
    <Status>Ready</Status>
    <LastCareDate>01/02/2021  00:00:00</LastCareDate>
    <TimeToReady>NuN</TimeToReady>
  </DAOBus>
  <DAOBus>
    <IsRunningId>False</IsRunningId>
    <IsDeleted>False</IsDeleted>
    <Id>8815122</Id>
    <LicenseNumber>8815122</LicenseNumber>
    <LicenseDate>01/02/2014 00:00:00</LicenseDate>
    <FuelRemain>500</FuelRemain>
    <Status>Ready</Status>
    <LastCareDate>01/02/2021  00:00:00</LastCareDate>
    <TimeToReady>NuN</TimeToReady>
  </DAOBus>
  <DAOBus>
    <IsRunningId>False</IsRunningId>
    <IsDeleted>False</IsDeleted>
    <Id>8835325</Id>
    <LicenseNumber>8835325</LicenseNumber>
    <LicenseDate>01/02/2014 00:00:00</LicenseDate>
    <FuelRemain>500</FuelRemain>
    <Status>Ready</Status>
    <LastCareDate>01/02/2021  00:00:00</LastCareDate>
    <TimeToReady>NuN</TimeToReady>
  </DAOBus>
  <DAOBus>
    <IsRunningId>False</IsRunningId>
    <IsDeleted>False</IsDeleted>
    <Id>8855528</Id>
    <LicenseNumber>8855528</LicenseNumber>
    <LicenseDate>01/02/2014 00:00:00</LicenseDate>
    <FuelRemain>500</FuelRemain>
    <Status>Ready</Status>
    <LastCareDate>01/02/2021  00:00:00</LastCareDate>
    <TimeToReady>NuN</TimeToReady>
  </DAOBus>
  <DAOBus>
    <IsRunningId>False</IsRunningId>
    <IsDeleted>False</IsDeleted>
    <Id>8875731</Id>
    <LicenseNumber>8875731</LicenseNumber>
    <LicenseDate>01/02/2014 00:00:00</LicenseDate>
    <FuelRemain>500</FuelRemain>
    <Status>Ready</Status>
    <LastCareDate>01/02/2021  00:00:00</LastCareDate>
    <TimeToReady>NuN</TimeToReady>
  </DAOBus>
  <DAOBus>
    <IsRunningId>False</IsRunningId>
    <IsDeleted>False</IsDeleted>
    <Id>8895934</Id>
    <LicenseNumber>8895934</LicenseNumber>
    <LicenseDate>01/02/2014 00:00:00</LicenseDate>
    <FuelRemain>500</FuelRemain>
    <Status>Ready</Status>
    <LastCareDate>01/02/2021  00:00:00</LastCareDate>
    <TimeToReady>NuN</TimeToReady>
  </DAOBus>
  <DAOBus>
    <IsRunningId>False</IsRunningId>
    <IsDeleted>False</IsDeleted>
    <Id>8916137</Id>
    <LicenseNumber>8916137</LicenseNumber>
    <LicenseDate>01/02/2014 00:00:00</LicenseDate>
    <FuelRemain>500</FuelRemain>
    <Status>Ready</Status>
    <LastCareDate>01/02/2021  00:00:00</LastCareDate>
    <TimeToReady>NuN</TimeToReady>
  </DAOBus>
  <DAOBus>
    <IsRunningId>False</IsRunningId>
    <IsDeleted>False</IsDeleted>
    <Id>8936340</Id>
    <LicenseNumber>8936340</LicenseNumber>
    <LicenseDate>01/02/2014 00:00:00</LicenseDate>
    <FuelRemain>500</FuelRemain>
    <Status>Ready</Status>
    <LastCareDate>01/02/2021  00:00:00</LastCareDate>
    <TimeToReady>NuN</TimeToReady>
  </DAOBus>
  <DAOBus>
    <IsRunningId>False</IsRunningId>
    <IsDeleted>False</IsDeleted>
    <Id>9416137</Id>
    <LicenseNumber>9416137</LicenseNumber>
    <LicenseDate>01/02/2014 00:00:00</LicenseDate>
    <FuelRemain>500</FuelRemain>
    <Status>Ready</Status>
    <LastCareDate>01/02/2021  00:00:00</LastCareDate>
    <TimeToReady>NuN</TimeToReady>
  </DAOBus>
  <DAOBus>
    <IsRunningId>False</IsRunningId>
    <IsDeleted>False</IsDeleted>
    <Id>9436340</Id>
    <LicenseNumber>9436340</LicenseNumber>
    <LicenseDate>01/02/2014 00:00:00</LicenseDate>
    <FuelRemain>500</FuelRemain>
    <Status>Ready</Status>
    <LastCareDate>01/02/2021  00:00:00</LastCareDate>
    <TimeToReady>NuN</TimeToReady>
  </DAOBus>
  <DAOBus>
    <IsRunningId>False</IsRunningId>
    <IsDeleted>False</IsDeleted>
    <Id>9456543</Id>
    <LicenseNumber>9456543</LicenseNumber>
    <LicenseDate>01/02/2014 00:00:00</LicenseDate>
    <FuelRemain>500</FuelRemain>
    <Status>Ready</Status>
    <LastCareDate>01/02/2021  00:00:00</LastCareDate>
    <TimeToReady>NuN</TimeToReady>
  </DAOBus>
  <DAOBus>
    <IsRunningId>False</IsRunningId>
    <IsDeleted>False</IsDeleted>
    <Id>9476746</Id>
    <LicenseNumber>9476746</LicenseNumber>
    <LicenseDate>01/02/2014 00:00:00</LicenseDate>
    <FuelRemain>500</FuelRemain>
    <Status>Ready</Status>
    <LastCareDate>01/02/2021  00:00:00</LastCareDate>
    <TimeToReady>NuN</TimeToReady>
  </DAOBus>
  <DAOBus>
    <IsRunningId>False</IsRunningId>
    <IsDeleted>False</IsDeleted>
    <Id>20304291</Id>
    <LicenseNumber>20304291</LicenseNumber>
    <LicenseDate>01/02/2020 00:00:00</LicenseDate>
    <FuelRemain>500</FuelRemain>
    <Status>Ready</Status>
    <LastCareDate>01/02/2021  00:00:00</LastCareDate>
    <TimeToReady>NuN</TimeToReady>
  </DAOBus>
  <DAOBus>
    <IsRunningId>False</IsRunningId>
    <IsDeleted>False</IsDeleted>
    <Id>20306294</Id>
    <LicenseNumber>20306294</LicenseNumber>
    <LicenseDate>01/02/2020 00:00:00</LicenseDate>
    <FuelRemain>500</FuelRemain>
    <Status>Ready</Status>
    <LastCareDate>01/02/2021  00:00:00</LastCareDate>
    <TimeToReady>NuN</TimeToReady>
  </DAOBus>
  <DAOBus>
    <IsRunningId>False</IsRunningId>
    <IsDeleted>False</IsDeleted>
    <Id>20308297</Id>
    <LicenseNumber>20308297</LicenseNumber>
    <LicenseDate>01/02/2020 00:00:00</LicenseDate>
    <FuelRemain>500</FuelRemain>
    <Status>Ready</Status>
    <LastCareDate>01/02/2021  00:00:00</LastCareDate>
    <TimeToReady>NuN</TimeToReady>
  </DAOBus>
  <DAOBus>
    <IsRunningId>False</IsRunningId>
    <IsDeleted>False</IsDeleted>
    <Id>20310300</Id>
    <LicenseNumber>20310300</LicenseNumber>
    <LicenseDate>01/02/2020 00:00:00</LicenseDate>
    <FuelRemain>500</FuelRemain>
    <Status>Ready</Status>
    <LastCareDate>01/02/2021  00:00:00</LastCareDate>
    <TimeToReady>NuN</TimeToReady>
  </DAOBus>
  <DAOBus>
    <IsRunningId>False</IsRunningId>
    <IsDeleted>False</IsDeleted>
    <Id>20312303</Id>
    <LicenseNumber>20312303</LicenseNumber>
    <LicenseDate>01/02/2020 00:00:00</LicenseDate>
    <FuelRemain>500</FuelRemain>
    <Status>Ready</Status>
    <LastCareDate>01/02/2021  00:00:00</LastCareDate>
    <TimeToReady>NuN</TimeToReady>
  </DAOBus>
  <DAOBus>
    <IsRunningId>False</IsRunningId>
    <IsDeleted>False</IsDeleted>
    <Id>20314306</Id>
    <LicenseNumber>20314306</LicenseNumber>
    <LicenseDate>01/02/2020 00:00:00</LicenseDate>
    <FuelRemain>500</FuelRemain>
    <Status>Ready</Status>
    <LastCareDate>01/02/2021  00:00:00</LastCareDate>
    <TimeToReady>NuN</TimeToReady>
  </DAOBus>
  <DAOBus>
    <IsRunningId>False</IsRunningId>
    <IsDeleted>False</IsDeleted>
    <Id>20316309</Id>
    <LicenseNumber>20316309</LicenseNumber>
    <LicenseDate>01/02/2020 00:00:00</LicenseDate>
    <FuelRemain>500</FuelRemain>
    <Status>Ready</Status>
    <LastCareDate>01/02/2021  00:00:00</LastCareDate>
    <TimeToReady>NuN</TimeToReady>
  </DAOBus>
  <DAOBus>
    <IsRunningId>False</IsRunningId>
    <IsDeleted>False</IsDeleted>
    <Id>20318312</Id>
    <LicenseNumber>20318312</LicenseNumber>
    <LicenseDate>01/02/2020 00:00:00</LicenseDate>
    <FuelRemain>500</FuelRemain>
    <Status>Ready</Status>
    <LastCareDate>01/02/2021  00:00:00</LastCareDate>
    <TimeToReady>NuN</TimeToReady>
  </DAOBus>
  <DAOBus>
    <IsRunningId>False</IsRunningId>
    <IsDeleted>False</IsDeleted>
    <Id>20320315</Id>
    <LicenseNumber>20320315</LicenseNumber>
    <LicenseDate>01/02/2020 00:00:00</LicenseDate>
    <FuelRemain>500</FuelRemain>
    <Status>Ready</Status>
    <LastCareDate>01/02/2021  00:00:00</LastCareDate>
    <TimeToReady>NuN</TimeToReady>
  </DAOBus>
  <DAOBus>
    <IsRunningId>False</IsRunningId>
    <IsDeleted>False</IsDeleted>
    <Id>20322318</Id>
    <LicenseNumber>20322318</LicenseNumber>
    <LicenseDate>01/02/2020 00:00:00</LicenseDate>
    <FuelRemain>500</FuelRemain>
    <Status>Ready</Status>
    <LastCareDate>01/02/2021  00:00:00</LastCareDate>
    <TimeToReady>NuN</TimeToReady>
  </DAOBus>
  <DAOBus>
    <IsRunningId>False</IsRunningId>
    <IsDeleted>False</IsDeleted>
    <Id>20324321</Id>
    <LicenseNumber>20324321</LicenseNumber>
    <LicenseDate>01/02/2020 00:00:00</LicenseDate>
    <FuelRemain>500</FuelRemain>
    <Status>Ready</Status>
    <LastCareDate>01/02/2021  00:00:00</LastCareDate>
    <TimeToReady>NuN</TimeToReady>
  </DAOBus>
  <DAOBus>
    <IsRunningId>False</IsRunningId>
    <IsDeleted>False</IsDeleted>
    <Id>20326324</Id>
    <LicenseNumber>20326324</LicenseNumber>
    <LicenseDate>01/02/2020 00:00:00</LicenseDate>
    <FuelRemain>500</FuelRemain>
    <Status>Ready</Status>
    <LastCareDate>01/02/2021  00:00:00</LastCareDate>
    <TimeToReady>NuN</TimeToReady>
  </DAOBus>
  <DAOBus>
    <IsRunningId>False</IsRunningId>
    <IsDeleted>False</IsDeleted>
    <Id>30303327</Id>
    <LicenseNumber>30303327</LicenseNumber>
    <LicenseDate>01/02/2020 00:00:00</LicenseDate>
    <FuelRemain>500</FuelRemain>
    <Status>Ready</Status>
    <LastCareDate>01/02/2021  00:00:00</LastCareDate>
    <TimeToReady>NuN</TimeToReady>
  </DAOBus>
  <DAOBus>
    <IsRunningId>False</IsRunningId>
    <IsDeleted>False</IsDeleted>
    <Id>30306330</Id>
    <LicenseNumber>30306330</LicenseNumber>
    <LicenseDate>01/02/2020 00:00:00</LicenseDate>
    <FuelRemain>500</FuelRemain>
    <Status>Ready</Status>
    <LastCareDate>01/02/2021  00:00:00</LastCareDate>
    <TimeToReady>NuN</TimeToReady>
  </DAOBus>
  <DAOBus>
    <IsRunningId>False</IsRunningId>
    <IsDeleted>False</IsDeleted>
    <Id>30309333</Id>
    <LicenseNumber>30309333</LicenseNumber>
    <LicenseDate>01/02/2020 00:00:00</LicenseDate>
    <FuelRemain>500</FuelRemain>
    <Status>Ready</Status>
    <LastCareDate>01/02/2021  00:00:00</LastCareDate>
    <TimeToReady>NuN</TimeToReady>
  </DAOBus>
  <DAOBus>
    <IsRunningId>False</IsRunningId>
    <IsDeleted>False</IsDeleted>
    <Id>30312336</Id>
    <LicenseNumber>30312336</LicenseNumber>
    <LicenseDate>01/02/2020 00:00:00</LicenseDate>
    <FuelRemain>500</FuelRemain>
    <Status>Ready</Status>
    <LastCareDate>01/02/2021  00:00:00</LastCareDate>
    <TimeToReady>NuN</TimeToReady>
  </DAOBus>
  <DAOBus>
    <IsRunningId>False</IsRunningId>
    <IsDeleted>False</IsDeleted>
    <Id>30315339</Id>
    <LicenseNumber>30315339</LicenseNumber>
    <LicenseDate>01/02/2020 00:00:00</LicenseDate>
    <FuelRemain>500</FuelRemain>
    <Status>Ready</Status>
    <LastCareDate>01/02/2021  00:00:00</LastCareDate>
    <TimeToReady>NuN</TimeToReady>
  </DAOBus>
  <DAOBus>
    <IsRunningId>False</IsRunningId>
    <IsDeleted>False</IsDeleted>
    <Id>30318342</Id>
    <LicenseNumber>30318342</LicenseNumber>
    <LicenseDate>01/02/2020 00:00:00</LicenseDate>
    <FuelRemain>500</FuelRemain>
    <Status>Ready</Status>
    <LastCareDate>01/02/2021  00:00:00</LastCareDate>
    <TimeToReady>NuN</TimeToReady>
  </DAOBus>
  <DAOBus>
    <IsRunningId>False</IsRunningId>
    <IsDeleted>False</IsDeleted>
    <Id>30321345</Id>
    <LicenseNumber>30321345</LicenseNumber>
    <LicenseDate>01/02/2020 00:00:00</LicenseDate>
    <FuelRemain>500</FuelRemain>
    <Status>Ready</Status>
    <LastCareDate>01/02/2021  00:00:00</LastCareDate>
    <TimeToReady>NuN</TimeToReady>
  </DAOBus>
  <DAOBus>
    <IsRunningId>False</IsRunningId>
    <IsDeleted>False</IsDeleted>
    <Id>30324348</Id>
    <LicenseNumber>30324348</LicenseNumber>
    <LicenseDate>01/02/2020 00:00:00</LicenseDate>
    <FuelRemain>500</FuelRemain>
    <Status>Ready</Status>
    <LastCareDate>01/02/2021  00:00:00</LastCareDate>
    <TimeToReady>NuN</TimeToReady>
  </DAOBus>
  <DAOBus>
    <IsRunningId>False</IsRunningId>
    <IsDeleted>False</IsDeleted>
    <Id>30327351</Id>
    <LicenseNumber>30327351</LicenseNumber>
    <LicenseDate>01/02/2020 00:00:00</LicenseDate>
    <FuelRemain>500</FuelRemain>
    <Status>Ready</Status>
    <LastCareDate>01/02/2021  00:00:00</LastCareDate>
    <TimeToReady>NuN</TimeToReady>
  </DAOBus>
  <DAOBus>
    <IsRunningId>False</IsRunningId>
    <IsDeleted>False</IsDeleted>
    <Id>30330354</Id>
    <LicenseNumber>30330354</LicenseNumber>
    <LicenseDate>01/02/2020 00:00:00</LicenseDate>
    <FuelRemain>500</FuelRemain>
    <Status>Ready</Status>
    <LastCareDate>01/02/2021  00:00:00</LastCareDate>
    <TimeToReady>NuN</TimeToReady>
  </DAOBus>
  <DAOBus>
    <IsRunningId>False</IsRunningId>
    <IsDeleted>False</IsDeleted>
    <Id>30333357</Id>
    <LicenseNumber>30333357</LicenseNumber>
    <LicenseDate>01/02/2020 00:00:00</LicenseDate>
    <FuelRemain>500</FuelRemain>
    <Status>Ready</Status>
    <LastCareDate>01/02/2021  00:00:00</LastCareDate>
    <TimeToReady>NuN</TimeToReady>
  </DAOBus>
  <DAOBus>
    <IsRunningId>False</IsRunningId>
    <IsDeleted>False</IsDeleted>
    <Id>30336360</Id>
    <LicenseNumber>30336360</LicenseNumber>
    <LicenseDate>01/02/2020 00:00:00</LicenseDate>
    <FuelRemain>500</FuelRemain>
    <Status>Ready</Status>
    <LastCareDate>01/02/2021  00:00:00</LastCareDate>
    <TimeToReady>NuN</TimeToReady>
  </DAOBus>
  <DAOBus>
    <IsRunningId>False</IsRunningId>
    <IsDeleted>False</IsDeleted>
    <Id>30339363</Id>
    <LicenseNumber>30339363</LicenseNumber>
    <LicenseDate>01/02/2020 00:00:00</LicenseDate>
    <FuelRemain>500</FuelRemain>
    <Status>Ready</Status>
    <LastCareDate>01/02/2021  00:00:00</LastCareDate>
    <TimeToReady>NuN</TimeToReady>
  </DAOBus>
  <DAOBus>
    <IsRunningId>False</IsRunningId>
    <IsDeleted>False</IsDeleted>
    <Id>40301366</Id>
    <LicenseNumber>40301366</LicenseNumber>
    <LicenseDate>01/02/2020 00:00:00</LicenseDate>
    <FuelRemain>500</FuelRemain>
    <Status>Ready</Status>
    <LastCareDate>01/02/2021  00:00:00</LastCareDate>
    <TimeToReady>NuN</TimeToReady>
  </DAOBus>
  <DAOBus>
    <IsRunningId>False</IsRunningId>
    <IsDeleted>False</IsDeleted>
    <Id>40304369</Id>
    <LicenseNumber>40304369</LicenseNumber>
    <LicenseDate>01/02/2020 00:00:00</LicenseDate>
    <FuelRemain>500</FuelRemain>
    <Status>Ready</Status>
    <LastCareDate>01/02/2021  00:00:00</LastCareDate>
    <TimeToReady>NuN</TimeToReady>
  </DAOBus>
  <DAOBus>
    <IsRunningId>False</IsRunningId>
    <IsDeleted>False</IsDeleted>
    <Id>40307372</Id>
    <LicenseNumber>40307372</LicenseNumber>
    <LicenseDate>01/02/2020 00:00:00</LicenseDate>
    <FuelRemain>500</FuelRemain>
    <Status>Ready</Status>
    <LastCareDate>01/02/2021  00:00:00</LastCareDate>
    <TimeToReady>NuN</TimeToReady>
  </DAOBus>
  <DAOBus>
    <IsRunningId>False</IsRunningId>
    <IsDeleted>False</IsDeleted>
    <Id>40313378</Id>
    <LicenseNumber>40313378</LicenseNumber>
    <LicenseDate>01/02/2020 00:00:00</LicenseDate>
    <FuelRemain>500</FuelRemain>
    <Status>Ready</Status>
    <LastCareDate>01/02/2021  00:00:00</LastCareDate>
    <TimeToReady>NuN</TimeToReady>
  </DAOBus>
  <DAOBus>
    <IsRunningId>False</IsRunningId>
    <IsDeleted>False</IsDeleted>
    <Id>40316381</Id>
    <LicenseNumber>40316381</LicenseNumber>
    <LicenseDate>01/02/2020 00:00:00</LicenseDate>
    <FuelRemain>500</FuelRemain>
    <Status>Ready</Status>
    <LastCareDate>01/02/2021  00:00:00</LastCareDate>
    <TimeToReady>NuN</TimeToReady>
  </DAOBus>
  <DAOBus>
    <IsRunningId>False</IsRunningId>
    <IsDeleted>False</IsDeleted>
    <Id>40319384</Id>
    <LicenseNumber>40319384</LicenseNumber>
    <LicenseDate>01/02/2020 00:00:00</LicenseDate>
    <FuelRemain>500</FuelRemain>
    <Status>Ready</Status>
    <LastCareDate>01/02/2021  00:00:00</LastCareDate>
    <TimeToReady>NuN</TimeToReady>
  </DAOBus>
  <DAOBus>
    <IsRunningId>False</IsRunningId>
    <IsDeleted>False</IsDeleted>
    <Id>40322387</Id>
    <LicenseNumber>40322387</LicenseNumber>
    <LicenseDate>01/02/2020 00:00:00</LicenseDate>
    <FuelRemain>500</FuelRemain>
    <Status>Ready</Status>
    <LastCareDate>01/02/2021  00:00:00</LastCareDate>
    <TimeToReady>NuN</TimeToReady>
  </DAOBus>
  <DAOBus>
    <IsRunningId>False</IsRunningId>
    <IsDeleted>False</IsDeleted>
    <Id>40325390</Id>
    <LicenseNumber>40325390</LicenseNumber>
    <LicenseDate>01/02/2020 00:00:00</LicenseDate>
    <FuelRemain>500</FuelRemain>
    <Status>Ready</Status>
    <LastCareDate>01/02/2021  00:00:00</LastCareDate>
    <TimeToReady>NuN</TimeToReady>
  </DAOBus>
  <DAOBus>
    <IsRunningId>False</IsRunningId>
    <IsDeleted>False</IsDeleted>
    <Id>40328393</Id>
    <LicenseNumber>40328393</LicenseNumber>
    <LicenseDate>01/02/2020 00:00:00</LicenseDate>
    <FuelRemain>500</FuelRemain>
    <Status>Ready</Status>
    <LastCareDate>01/02/2021  00:00:00</LastCareDate>
    <TimeToReady>NuN</TimeToReady>
  </DAOBus>
  <DAOBus>
    <IsRunningId>False</IsRunningId>
    <IsDeleted>False</IsDeleted>
    <Id>40331396</Id>
    <LicenseNumber>40331396</LicenseNumber>
    <LicenseDate>01/02/2020 00:00:00</LicenseDate>
    <FuelRemain>500</FuelRemain>
    <Status>Ready</Status>
    <LastCareDate>01/02/2021  00:00:00</LastCareDate>
    <TimeToReady>NuN</TimeToReady>
  </DAOBus>
  <DAOBus>
    <IsRunningId>False</IsRunningId>
    <IsDeleted>False</IsDeleted>
    <Id>40334399</Id>
    <LicenseNumber>40334399</LicenseNumber>
    <LicenseDate>01/02/2020 00:00:00</LicenseDate>
    <FuelRemain>500</FuelRemain>
    <Status>Ready</Status>
    <LastCareDate>01/02/2021  00:00:00</LastCareDate>
    <TimeToReady>NuN</TimeToReady>
  </DAOBus>
  <DAOBus>
    <IsRunningId>False</IsRunningId>
    <IsDeleted>False</IsDeleted>
    <Id>40337402</Id>
    <LicenseNumber>40337402</LicenseNumber>
    <LicenseDate>01/02/2020 00:00:00</LicenseDate>
    <FuelRemain>500</FuelRemain>
    <Status>Ready</Status>
    <LastCareDate>01/02/2021  00:00:00</LastCareDate>
    <TimeToReady>NuN</TimeToReady>
  </DAOBus>
  <DAOBus>
    <IsRunningId>False</IsRunningId>
    <IsDeleted>False</IsDeleted>
    <Id>50302405</Id>
    <LicenseNumber>50302405</LicenseNumber>
    <LicenseDate>01/02/2020 00:00:00</LicenseDate>
    <FuelRemain>500</FuelRemain>
    <Status>Ready</Status>
    <LastCareDate>01/02/2021  00:00:00</LastCareDate>
    <TimeToReady>NuN</TimeToReady>
  </DAOBus>
  <DAOBus>
    <IsRunningId>False</IsRunningId>
    <IsDeleted>False</IsDeleted>
    <Id>50305408</Id>
    <LicenseNumber>50305408</LicenseNumber>
    <LicenseDate>01/02/2020 00:00:00</LicenseDate>
    <FuelRemain>500</FuelRemain>
    <Status>Ready</Status>
    <LastCareDate>01/02/2021  00:00:00</LastCareDate>
    <TimeToReady>NuN</TimeToReady>
  </DAOBus>
  <DAOBus>
    <IsRunningId>False</IsRunningId>
    <IsDeleted>False</IsDeleted>
    <Id>50308411</Id>
    <LicenseNumber>50308411</LicenseNumber>
    <LicenseDate>01/02/2020 00:00:00</LicenseDate>
    <FuelRemain>500</FuelRemain>
    <Status>Ready</Status>
    <LastCareDate>01/02/2021  00:00:00</LastCareDate>
    <TimeToReady>NuN</TimeToReady>
  </DAOBus>
  <DAOBus>
    <IsRunningId>False</IsRunningId>
    <IsDeleted>False</IsDeleted>
    <Id>50314417</Id>
    <LicenseNumber>50314417</LicenseNumber>
    <LicenseDate>01/02/2020 00:00:00</LicenseDate>
    <FuelRemain>500</FuelRemain>
    <Status>Ready</Status>
    <LastCareDate>01/02/2021  00:00:00</LastCareDate>
    <TimeToReady>NuN</TimeToReady>
  </DAOBus>
  <DAOBus>
    <IsRunningId>False</IsRunningId>
    <IsDeleted>False</IsDeleted>
    <Id>50317420</Id>
    <LicenseNumber>50317420</LicenseNumber>
    <LicenseDate>01/02/2020 00:00:00</LicenseDate>
    <FuelRemain>500</FuelRemain>
    <Status>Ready</Status>
    <LastCareDate>01/02/2021  00:00:00</LastCareDate>
    <TimeToReady>NuN</TimeToReady>
  </DAOBus>
  <DAOBus>
    <IsRunningId>False</IsRunningId>
    <IsDeleted>False</IsDeleted>
    <Id>50332435</Id>
    <LicenseNumber>50332435</LicenseNumber>
    <LicenseDate>01/02/2020 00:00:00</LicenseDate>
    <FuelRemain>500</FuelRemain>
    <Status>Ready</Status>
    <LastCareDate>01/02/2021  00:00:00</LastCareDate>
    <TimeToReady>NuN</TimeToReady>
  </DAOBus>
  <DAOBus>
    <IsRunningId>False</IsRunningId>
    <IsDeleted>False</IsDeleted>
    <Id>50335438</Id>
    <LicenseNumber>50335438</LicenseNumber>
    <LicenseDate>01/02/2020 00:00:00</LicenseDate>
    <FuelRemain>500</FuelRemain>
    <Status>Ready</Status>
    <LastCareDate>01/02/2021  00:00:00</LastCareDate>
    <TimeToReady>NuN</TimeToReady>
  </DAOBus>
  <DAOBus>
    <IsRunningId>False</IsRunningId>
    <IsDeleted>False</IsDeleted>
    <Id>60301441</Id>
    <LicenseNumber>60301441</LicenseNumber>
    <LicenseDate>01/02/2020 00:00:00</LicenseDate>
    <FuelRemain>500</FuelRemain>
    <Status>Ready</Status>
    <LastCareDate>01/02/2021  00:00:00</LastCareDate>
    <TimeToReady>NuN</TimeToReady>
  </DAOBus>
  <DAOBus>
    <IsRunningId>False</IsRunningId>
    <IsDeleted>False</IsDeleted>
    <Id>60304444</Id>
    <LicenseNumber>60304444</LicenseNumber>
    <LicenseDate>01/02/2020 00:00:00</LicenseDate>
    <FuelRemain>500</FuelRemain>
    <Status>Ready</Status>
    <LastCareDate>01/02/2021  00:00:00</LastCareDate>
    <TimeToReady>NuN</TimeToReady>
  </DAOBus>
  <DAOBus>
    <IsRunningId>False</IsRunningId>
    <IsDeleted>False</IsDeleted>
    <Id>60307447</Id>
    <LicenseNumber>60307447</LicenseNumber>
    <LicenseDate>01/02/2020 00:00:00</LicenseDate>
    <FuelRemain>500</FuelRemain>
    <Status>Ready</Status>
    <LastCareDate>01/02/2021  00:00:00</LastCareDate>
    <TimeToReady>NuN</TimeToReady>
  </DAOBus>
  <DAOBus>
    <IsRunningId>False</IsRunningId>
    <IsDeleted>False</IsDeleted>
    <Id>60310450</Id>
    <LicenseNumber>60310450</LicenseNumber>
    <LicenseDate>01/02/2020 00:00:00</LicenseDate>
    <FuelRemain>500</FuelRemain>
    <Status>Ready</Status>
    <LastCareDate>01/02/2021  00:00:00</LastCareDate>
    <TimeToReady>NuN</TimeToReady>
  </DAOBus>
  <DAOBus>
    <IsRunningId>False</IsRunningId>
    <IsDeleted>False</IsDeleted>
    <Id>60313453</Id>
    <LicenseNumber>60313453</LicenseNumber>
    <LicenseDate>01/02/2020 00:00:00</LicenseDate>
    <FuelRemain>500</FuelRemain>
    <Status>Ready</Status>
    <LastCareDate>01/02/2021  00:00:00</LastCareDate>
    <TimeToReady>NuN</TimeToReady>
  </DAOBus>
  <DAOBus>
    <IsRunningId>False</IsRunningId>
    <IsDeleted>False</IsDeleted>
    <Id>60316456</Id>
    <LicenseNumber>60316456</LicenseNumber>
    <LicenseDate>01/02/2020 00:00:00</LicenseDate>
    <FuelRemain>500</FuelRemain>
    <Status>Ready</Status>
    <LastCareDate>01/02/2021  00:00:00</LastCareDate>
    <TimeToReady>NuN</TimeToReady>
  </DAOBus>
  <DAOBus>
    <IsRunningId>False</IsRunningId>
    <IsDeleted>False</IsDeleted>
    <Id>60322462</Id>
    <LicenseNumber>60322462</LicenseNumber>
    <LicenseDate>01/02/2020 00:00:00</LicenseDate>
    <FuelRemain>500</FuelRemain>
    <Status>Ready</Status>
    <LastCareDate>01/02/2021  00:00:00</LastCareDate>
    <TimeToReady>NuN</TimeToReady>
  </DAOBus>
  <DAOBus>
    <IsRunningId>False</IsRunningId>
    <IsDeleted>False</IsDeleted>
    <Id>60325465</Id>
    <LicenseNumber>60325465</LicenseNumber>
    <LicenseDate>01/02/2020 00:00:00</LicenseDate>
    <FuelRemain>500</FuelRemain>
    <Status>Ready</Status>
    <LastCareDate>01/02/2021  00:00:00</LastCareDate>
    <TimeToReady>NuN</TimeToReady>
  </DAOBus>
  <DAOBus>
    <IsRunningId>False</IsRunningId>
    <IsDeleted>False</IsDeleted>
    <Id>60331471</Id>
    <LicenseNumber>60331471</LicenseNumber>
    <LicenseDate>01/02/2020 00:00:00</LicenseDate>
    <FuelRemain>500</FuelRemain>
    <Status>Ready</Status>
    <LastCareDate>01/02/2021  00:00:00</LastCareDate>
    <TimeToReady>NuN</TimeToReady>
  </DAOBus>
  <DAOBus>
    <IsRunningId>False</IsRunningId>
    <IsDeleted>False</IsDeleted>
    <Id>60334474</Id>
    <LicenseNumber>60334474</LicenseNumber>
    <LicenseDate>01/02/2020 00:00:00</LicenseDate>
    <FuelRemain>500</FuelRemain>
    <Status>Ready</Status>
    <LastCareDate>01/02/2021  00:00:00</LastCareDate>
    <TimeToReady>NuN</TimeToReady>
  </DAOBus>
  <DAOBus>
    <IsRunningId>False</IsRunningId>
    <IsDeleted>False</IsDeleted>
    <Id>60337477</Id>
    <LicenseNumber>60337477</LicenseNumber>
    <LicenseDate>01/02/2020 00:00:00</LicenseDate>
    <FuelRemain>500</FuelRemain>
    <Status>Ready</Status>
    <LastCareDate>01/02/2021  00:00:00</LastCareDate>
    <TimeToReady>NuN</TimeToReady>
  </DAOBus>
  <DAOBus>
    <IsRunningId>False</IsRunningId>
    <IsDeleted>False</IsDeleted>
    <Id>70304480</Id>
    <LicenseNumber>70304480</LicenseNumber>
    <LicenseDate>01/02/2020 00:00:00</LicenseDate>
    <FuelRemain>500</FuelRemain>
    <Status>Ready</Status>
    <LastCareDate>01/02/2021  00:00:00</LastCareDate>
    <TimeToReady>NuN</TimeToReady>
  </DAOBus>
  <DAOBus>
    <IsRunningId>False</IsRunningId>
    <IsDeleted>False</IsDeleted>
    <Id>70307483</Id>
    <LicenseNumber>70307483</LicenseNumber>
    <LicenseDate>01/02/2020 00:00:00</LicenseDate>
    <FuelRemain>500</FuelRemain>
    <Status>Ready</Status>
    <LastCareDate>01/02/2021  00:00:00</LastCareDate>
    <TimeToReady>NuN</TimeToReady>
  </DAOBus>
  <DAOBus>
    <IsRunningId>False</IsRunningId>
    <IsDeleted>False</IsDeleted>
    <Id>70310486</Id>
    <LicenseNumber>70310486</LicenseNumber>
    <LicenseDate>01/02/2020 00:00:00</LicenseDate>
    <FuelRemain>500</FuelRemain>
    <Status>Ready</Status>
    <LastCareDate>01/02/2021  00:00:00</LastCareDate>
    <TimeToReady>NuN</TimeToReady>
  </DAOBus>
  <DAOBus>
    <IsRunningId>False</IsRunningId>
    <IsDeleted>False</IsDeleted>
    <Id>70313489</Id>
    <LicenseNumber>70313489</LicenseNumber>
    <LicenseDate>01/02/2020 00:00:00</LicenseDate>
    <FuelRemain>500</FuelRemain>
    <Status>Ready</Status>
    <LastCareDate>01/02/2021  00:00:00</LastCareDate>
    <TimeToReady>NuN</TimeToReady>
  </DAOBus>
  <DAOBus>
    <IsRunningId>False</IsRunningId>
    <IsDeleted>False</IsDeleted>
    <Id>70316492</Id>
    <LicenseNumber>70316492</LicenseNumber>
    <LicenseDate>01/02/2020 00:00:00</LicenseDate>
    <FuelRemain>500</FuelRemain>
    <Status>Ready</Status>
    <LastCareDate>01/02/2021  00:00:00</LastCareDate>
    <TimeToReady>NuN</TimeToReady>
  </DAOBus>
  <DAOBus>
    <IsRunningId>False</IsRunningId>
    <IsDeleted>False</IsDeleted>
    <Id>70319495</Id>
    <LicenseNumber>70319495</LicenseNumber>
    <LicenseDate>01/02/2020 00:00:00</LicenseDate>
    <FuelRemain>500</FuelRemain>
    <Status>Ready</Status>
    <LastCareDate>01/02/2021  00:00:00</LastCareDate>
    <TimeToReady>NuN</TimeToReady>
  </DAOBus>
  <DAOBus>
    <IsRunningId>False</IsRunningId>
    <IsDeleted>False</IsDeleted>
    <Id>70322498</Id>
    <LicenseNumber>70322498</LicenseNumber>
    <LicenseDate>01/02/2020 00:00:00</LicenseDate>
    <FuelRemain>500</FuelRemain>
    <Status>Ready</Status>
    <LastCareDate>01/02/2021  00:00:00</LastCareDate>
    <TimeToReady>NuN</TimeToReady>
  </DAOBus>
  <DAOBus>
    <IsRunningId>False</IsRunningId>
    <IsDeleted>False</IsDeleted>
    <Id>70325501</Id>
    <LicenseNumber>70325501</LicenseNumber>
    <LicenseDate>01/02/2020 00:00:00</LicenseDate>
    <FuelRemain>500</FuelRemain>
    <Status>Ready</Status>
    <LastCareDate>01/02/2021  00:00:00</LastCareDate>
    <TimeToReady>NuN</TimeToReady>
  </DAOBus>
  <DAOBus>
    <IsRunningId>False</IsRunningId>
    <IsDeleted>False</IsDeleted>
    <Id>70328504</Id>
    <LicenseNumber>70328504</LicenseNumber>
    <LicenseDate>01/02/2020 00:00:00</LicenseDate>
    <FuelRemain>500</FuelRemain>
    <Status>Ready</Status>
    <LastCareDate>01/02/2021  00:00:00</LastCareDate>
    <TimeToReady>NuN</TimeToReady>
  </DAOBus>
  <DAOBus>
    <IsRunningId>False</IsRunningId>
    <IsDeleted>False</IsDeleted>
    <Id>70331507</Id>
    <LicenseNumber>70331507</LicenseNumber>
    <LicenseDate>01/02/2020 00:00:00</LicenseDate>
    <FuelRemain>500</FuelRemain>
    <Status>Ready</Status>
    <LastCareDate>01/02/2021  00:00:00</LastCareDate>
    <TimeToReady>NuN</TimeToReady>
  </DAOBus>
  <DAOBus>
    <IsRunningId>False</IsRunningId>
    <IsDeleted>False</IsDeleted>
    <Id>70334510</Id>
    <LicenseNumber>70334510</LicenseNumber>
    <LicenseDate>01/02/2020 00:00:00</LicenseDate>
    <FuelRemain>500</FuelRemain>
    <Status>Ready</Status>
    <LastCareDate>01/02/2021  00:00:00</LastCareDate>
    <TimeToReady>NuN</TimeToReady>
  </DAOBus>
  <DAOBus>
    <IsRunningId>False</IsRunningId>
    <IsDeleted>False</IsDeleted>
    <Id>80302513</Id>
    <LicenseNumber>80302513</LicenseNumber>
    <LicenseDate>01/02/2020 00:00:00</LicenseDate>
    <FuelRemain>500</FuelRemain>
    <Status>Ready</Status>
    <LastCareDate>01/02/2021  00:00:00</LastCareDate>
    <TimeToReady>NuN</TimeToReady>
  </DAOBus>
  <DAOBus>
    <IsRunningId>False</IsRunningId>
    <IsDeleted>False</IsDeleted>
    <Id>80305516</Id>
    <LicenseNumber>80305516</LicenseNumber>
    <LicenseDate>01/02/2020 00:00:00</LicenseDate>
    <FuelRemain>500</FuelRemain>
    <Status>Ready</Status>
    <LastCareDate>01/02/2021  00:00:00</LastCareDate>
    <TimeToReady>NuN</TimeToReady>
  </DAOBus>
  <DAOBus>
    <IsRunningId>False</IsRunningId>
    <IsDeleted>False</IsDeleted>
    <Id>80308519</Id>
    <LicenseNumber>80308519</LicenseNumber>
    <LicenseDate>01/02/2020 00:00:00</LicenseDate>
    <FuelRemain>500</FuelRemain>
    <Status>Ready</Status>
    <LastCareDate>01/02/2021  00:00:00</LastCareDate>
    <TimeToReady>NuN</TimeToReady>
  </DAOBus>
  <DAOBus>
    <IsRunningId>False</IsRunningId>
    <IsDeleted>False</IsDeleted>
    <Id>80311522</Id>
    <LicenseNumber>80311522</LicenseNumber>
    <LicenseDate>01/02/2020 00:00:00</LicenseDate>
    <FuelRemain>500</FuelRemain>
    <Status>Ready</Status>
    <LastCareDate>01/02/2021  00:00:00</LastCareDate>
    <TimeToReady>NuN</TimeToReady>
  </DAOBus>
  <DAOBus>
    <IsRunningId>False</IsRunningId>
    <IsDeleted>False</IsDeleted>
    <Id>80314525</Id>
    <LicenseNumber>80314525</LicenseNumber>
    <LicenseDate>01/02/2020 00:00:00</LicenseDate>
    <FuelRemain>500</FuelRemain>
    <Status>Ready</Status>
    <LastCareDate>01/02/2021  00:00:00</LastCareDate>
    <TimeToReady>NuN</TimeToReady>
  </DAOBus>
  <DAOBus>
    <IsRunningId>False</IsRunningId>
    <IsDeleted>False</IsDeleted>
    <Id>80317528</Id>
    <LicenseNumber>80317528</LicenseNumber>
    <LicenseDate>01/02/2020 00:00:00</LicenseDate>
    <FuelRemain>500</FuelRemain>
    <Status>Ready</Status>
    <LastCareDate>01/02/2021  00:00:00</LastCareDate>
    <TimeToReady>NuN</TimeToReady>
  </DAOBus>
  <DAOBus>
    <IsRunningId>False</IsRunningId>
    <IsDeleted>False</IsDeleted>
    <Id>80320531</Id>
    <LicenseNumber>80320531</LicenseNumber>
    <LicenseDate>01/02/2020 00:00:00</LicenseDate>
    <FuelRemain>500</FuelRemain>
    <Status>Ready</Status>
    <LastCareDate>01/02/2021  00:00:00</LastCareDate>
    <TimeToReady>NuN</TimeToReady>
  </DAOBus>
  <DAOBus>
    <IsRunningId>False</IsRunningId>
    <IsDeleted>False</IsDeleted>
    <Id>80323534</Id>
    <LicenseNumber>80323534</LicenseNumber>
    <LicenseDate>01/02/2020 00:00:00</LicenseDate>
    <FuelRemain>500</FuelRemain>
    <Status>Ready</Status>
    <LastCareDate>01/02/2021  00:00:00</LastCareDate>
    <TimeToReady>NuN</TimeToReady>
  </DAOBus>
  <DAOBus>
    <IsRunningId>False</IsRunningId>
    <IsDeleted>False</IsDeleted>
    <Id>80326537</Id>
    <LicenseNumber>80326537</LicenseNumber>
    <LicenseDate>01/02/2020 00:00:00</LicenseDate>
    <FuelRemain>500</FuelRemain>
    <Status>Ready</Status>
    <LastCareDate>01/02/2021  00:00:00</LastCareDate>
    <TimeToReady>NuN</TimeToReady>
  </DAOBus>
  <DAOBus>
    <IsRunningId>False</IsRunningId>
    <IsDeleted>False</IsDeleted>
    <Id>80329540</Id>
    <LicenseNumber>80329540</LicenseNumber>
    <LicenseDate>01/02/2020 00:00:00</LicenseDate>
    <FuelRemain>500</FuelRemain>
    <Status>Ready</Status>
    <LastCareDate>01/02/2021  00:00:00</LastCareDate>
    <TimeToReady>NuN</TimeToReady>
  </DAOBus>
  <DAOBus>
    <IsRunningId>False</IsRunningId>
    <IsDeleted>False</IsDeleted>
    <Id>80332543</Id>
    <LicenseNumber>80332543</LicenseNumber>
    <LicenseDate>01/02/2020 00:00:00</LicenseDate>
    <FuelRemain>500</FuelRemain>
    <Status>Ready</Status>
    <LastCareDate>01/02/2021  00:00:00</LastCareDate>
    <TimeToReady>NuN</TimeToReady>
  </DAOBus>
  <DAOBus>
    <IsRunningId>False</IsRunningId>
    <IsDeleted>False</IsDeleted>
    <Id>10325546</Id>
    <LicenseNumber>10325546</LicenseNumber>
    <LicenseDate>01/02/2020 00:00:00</LicenseDate>
    <FuelRemain>500</FuelRemain>
    <Status>Ready</Status>
    <LastCareDate>01/02/2021  00:00:00</LastCareDate>
    <TimeToReady>NuN</TimeToReady>
  </DAOBus>
  <DAOBus>
    <IsRunningId>False</IsRunningId>
    <IsDeleted>False</IsDeleted>
    <Id>10357549</Id>
    <LicenseNumber>10357549</LicenseNumber>
    <LicenseDate>01/02/2020 00:00:00</LicenseDate>
    <FuelRemain>500</FuelRemain>
    <Status>Ready</Status>
    <LastCareDate>01/02/2021  00:00:00</LastCareDate>
    <TimeToReady>NuN</TimeToReady>
  </DAOBus>
  <DAOBus>
    <IsRunningId>False</IsRunningId>
    <IsDeleted>False</IsDeleted>
    <Id>10389552</Id>
    <LicenseNumber>10389552</LicenseNumber>
    <LicenseDate>01/02/2020 00:00:00</LicenseDate>
    <FuelRemain>500</FuelRemain>
    <Status>Ready</Status>
    <LastCareDate>01/02/2021  00:00:00</LastCareDate>
    <TimeToReady>NuN</TimeToReady>
  </DAOBus>
  <DAOBus>
    <IsRunningId>False</IsRunningId>
    <IsDeleted>False</IsDeleted>
    <Id>10421555</Id>
    <LicenseNumber>10421555</LicenseNumber>
    <LicenseDate>01/02/2020 00:00:00</LicenseDate>
    <FuelRemain>500</FuelRemain>
    <Status>Ready</Status>
    <LastCareDate>01/02/2021  00:00:00</LastCareDate>
    <TimeToReady>NuN</TimeToReady>
  </DAOBus>
  <DAOBus>
    <IsRunningId>False</IsRunningId>
    <IsDeleted>False</IsDeleted>
    <Id>10453558</Id>
    <LicenseNumber>10453558</LicenseNumber>
    <LicenseDate>01/02/2020 00:00:00</LicenseDate>
    <FuelRemain>500</FuelRemain>
    <Status>Ready</Status>
    <LastCareDate>01/02/2021  00:00:00</LastCareDate>
    <TimeToReady>NuN</TimeToReady>
  </DAOBus>
  <DAOBus>
    <IsRunningId>False</IsRunningId>
    <IsDeleted>False</IsDeleted>
    <Id>10485561</Id>
    <LicenseNumber>10485561</LicenseNumber>
    <LicenseDate>01/02/2020 00:00:00</LicenseDate>
    <FuelRemain>500</FuelRemain>
    <Status>Ready</Status>
    <LastCareDate>01/02/2021  00:00:00</LastCareDate>
    <TimeToReady>NuN</TimeToReady>
  </DAOBus>
  <DAOBus>
    <IsRunningId>False</IsRunningId>
    <IsDeleted>False</IsDeleted>
    <Id>10517564</Id>
    <LicenseNumber>10517564</LicenseNumber>
    <LicenseDate>01/02/2020 00:00:00</LicenseDate>
    <FuelRemain>500</FuelRemain>
    <Status>Ready</Status>
    <LastCareDate>01/02/2021  00:00:00</LastCareDate>
    <TimeToReady>NuN</TimeToReady>
  </DAOBus>
  <DAOBus>
    <IsRunningId>False</IsRunningId>
    <IsDeleted>False</IsDeleted>
    <Id>10549567</Id>
    <LicenseNumber>10549567</LicenseNumber>
    <LicenseDate>01/02/2020 00:00:00</LicenseDate>
    <FuelRemain>500</FuelRemain>
    <Status>Ready</Status>
    <LastCareDate>01/02/2021  00:00:00</LastCareDate>
    <TimeToReady>NuN</TimeToReady>
  </DAOBus>
  <DAOBus>
    <IsRunningId>False</IsRunningId>
    <IsDeleted>False</IsDeleted>
    <Id>10581570</Id>
    <LicenseNumber>10581570</LicenseNumber>
    <LicenseDate>01/02/2020 00:00:00</LicenseDate>
    <FuelRemain>500</FuelRemain>
    <Status>Ready</Status>
    <LastCareDate>01/02/2021  00:00:00</LastCareDate>
    <TimeToReady>NuN</TimeToReady>
  </DAOBus>
  <DAOBus>
    <IsRunningId>False</IsRunningId>
    <IsDeleted>False</IsDeleted>
    <Id>10613573</Id>
    <LicenseNumber>10613573</LicenseNumber>
    <LicenseDate>01/02/2020 00:00:00</LicenseDate>
    <FuelRemain>500</FuelRemain>
    <Status>Ready</Status>
    <LastCareDate>01/02/2021  00:00:00</LastCareDate>
    <TimeToReady>NuN</TimeToReady>
  </DAOBus>
  <DAOBus>
    <IsRunningId>False</IsRunningId>
    <IsDeleted>False</IsDeleted>
    <Id>10645576</Id>
    <LicenseNumber>10645576</LicenseNumber>
    <LicenseDate>01/02/2020 00:00:00</LicenseDate>
    <FuelRemain>500</FuelRemain>
    <Status>Ready</Status>
    <LastCareDate>01/02/2021  00:00:00</LastCareDate>
    <TimeToReady>NuN</TimeToReady>
  </DAOBus>
  <DAOBus>
    <IsRunningId>False</IsRunningId>
    <IsDeleted>False</IsDeleted>
    <Id>10677579</Id>
    <LicenseNumber>10677579</LicenseNumber>
    <LicenseDate>01/02/2020 00:00:00</LicenseDate>
    <FuelRemain>500</FuelRemain>
    <Status>Ready</Status>
    <LastCareDate>01/02/2021  00:00:00</LastCareDate>
    <TimeToReady>NuN</TimeToReady>
  </DAOBus>
  <DAOBus>
    <IsRunningId>False</IsRunningId>
    <IsDeleted>False</IsDeleted>
    <Id>90300585</Id>
    <LicenseNumber>90300585</LicenseNumber>
    <LicenseDate>01/02/2020 00:00:00</LicenseDate>
    <FuelRemain>500</FuelRemain>
    <Status>Ready</Status>
    <LastCareDate>01/02/2021  00:00:00</LastCareDate>
    <TimeToReady>NuN</TimeToReady>
  </DAOBus>
  <DAOBus>
    <IsRunningId>False</IsRunningId>
    <IsDeleted>False</IsDeleted>
    <Id>90312588</Id>
    <LicenseNumber>90312588</LicenseNumber>
    <LicenseDate>01/02/2020 00:00:00</LicenseDate>
    <FuelRemain>500</FuelRemain>
    <Status>Ready</Status>
    <LastCareDate>01/02/2021  00:00:00</LastCareDate>
    <TimeToReady>NuN</TimeToReady>
  </DAOBus>
  <DAOBus>
    <IsRunningId>False</IsRunningId>
    <IsDeleted>False</IsDeleted>
    <Id>1161521</Id>
    <LicenseNumber>1161521</LicenseNumber>
    <LicenseDate>01/02/2014 00:00:00</LicenseDate>
    <MileageCounter>0</MileageCounter>
    <FuelRemain>500</FuelRemain>
    <Status>Ready</Status>
    <LastCareDate>01/02/2021 00:00:00</LastCareDate>
    <TimeToReady>NuN</TimeToReady>
  </DAOBus>
  <DAOBus>
    <IsRunningId>False</IsRunningId>
    <IsDeleted>False</IsDeleted>
    <Id>1262536</Id>
    <LicenseNumber>1262536</LicenseNumber>
    <LicenseDate>01/02/2014 00:00:00</LicenseDate>
    <FuelRemain>500</FuelRemain>
    <Status>Ready</Status>
    <LastCareDate>01/02/2021 00:00:00</LastCareDate>
    <TimeToReady>NuN</TimeToReady>
    <MileageCounter>0</MileageCounter>
  </DAOBus>
  <DAOBus>
    <IsRunningId>False</IsRunningId>
    <IsDeleted>False</IsDeleted>
    <Id>7491874</Id>
    <LicenseNumber>7491874</LicenseNumber>
    <LicenseDate>01/02/2014 00:00:00</LicenseDate>
    <FuelRemain>500</FuelRemain>
    <Status>Ready</Status>
    <LastCareDate>01/02/2021 00:00:00</LastCareDate>
    <TimeToReady>NuN</TimeToReady>
    <MileageCounter>0</MileageCounter>
  </DAOBus>
  <DAOBus>
    <IsRunningId>False</IsRunningId>
    <IsDeleted>False</IsDeleted>
    <Id>10709582</Id>
    <LicenseNumber>10709582</LicenseNumber>
    <LicenseDate>01/02/2020 00:00:00</LicenseDate>
    <FuelRemain>500</FuelRemain>
    <Status>Ready</Status>
    <LastCareDate>01/02/2021 00:00:00</LastCareDate>
    <TimeToReady>NuN</TimeToReady>
    <MileageCounter>0</MileageCounter>
  </DAOBus>
  <DAOBus>
    <IsRunningId>False</IsRunningId>
    <IsDeleted>False</IsDeleted>
    <Id>40310375</Id>
    <LicenseNumber>40310375</LicenseNumber>
    <LicenseDate>01/02/2020 00:00:00</LicenseDate>
    <MileageCounter>0</MileageCounter>
    <FuelRemain>500</FuelRemain>
    <Status>Ready</Status>
    <LastCareDate>01/02/2021 00:00:00</LastCareDate>
    <TimeToReady>NuN</TimeToReady>
  </DAOBus>
  <DAOBus>
    <Id>50311414</Id>
    <IsRunningId>False</IsRunningId>
    <IsDeleted>False</IsDeleted>
    <LicenseNumber>50311414</LicenseNumber>
    <LicenseDate>01/02/2020 00:00:00</LicenseDate>
    <MileageCounter>0</MileageCounter>
    <FuelRemain>500</FuelRemain>
    <Status>Ready</Status>
    <LastCareDate>01/02/2021 00:00:00</LastCareDate>
    <TimeToReady>NuN</TimeToReady>
  </DAOBus>
  <DAOBus>
    <Id>50320423</Id>
    <IsRunningId>False</IsRunningId>
    <IsDeleted>False</IsDeleted>
    <LicenseNumber>50320423</LicenseNumber>
    <LicenseDate>01/02/2020 00:00:00</LicenseDate>
    <MileageCounter>0</MileageCounter>
    <FuelRemain>500</FuelRemain>
    <Status>Ready</Status>
    <LastCareDate>01/02/2021 00:00:00</LastCareDate>
    <TimeToReady>NuN</TimeToReady>
  </DAOBus>
  <DAOBus>
    <Id>50323426</Id>
    <IsRunningId>False</IsRunningId>
    <IsDeleted>False</IsDeleted>
    <LicenseNumber>50323426</LicenseNumber>
    <LicenseDate>01/02/2020 00:00:00</LicenseDate>
    <MileageCounter>0</MileageCounter>
    <FuelRemain>500</FuelRemain>
    <Status>Ready</Status>
    <LastCareDate>01/02/2021 00:00:00</LastCareDate>
    <TimeToReady>NuN</TimeToReady>
  </DAOBus>
  <DAOBus>
    <Id>50326429</Id>
    <IsRunningId>False</IsRunningId>
    <IsDeleted>False</IsDeleted>
    <LicenseNumber>50326429</LicenseNumber>
    <LicenseDate>01/02/2020 00:00:00</LicenseDate>
    <MileageCounter>0</MileageCounter>
    <FuelRemain>500</FuelRemain>
    <Status>Ready</Status>
    <LastCareDate>01/02/2021 00:00:00</LastCareDate>
    <TimeToReady>NuN</TimeToReady>
  </DAOBus>
  <DAOBus>
    <Id>50329432</Id>
    <IsRunningId>False</IsRunningId>
    <IsDeleted>False</IsDeleted>
    <LicenseNumber>50329432</LicenseNumber>
    <LicenseDate>01/02/2020 00:00:00</LicenseDate>
    <MileageCounter>0</MileageCounter>
    <FuelRemain>500</FuelRemain>
    <Status>Ready</Status>
    <LastCareDate>01/02/2021 00:00:00</LastCareDate>
    <TimeToReady>NuN</TimeToReady>
  </DAOBus>
  <DAOBus>
    <Id>60319459</Id>
    <IsRunningId>False</IsRunningId>
    <IsDeleted>False</IsDeleted>
    <LicenseNumber>60319459</LicenseNumber>
    <LicenseDate>01/02/2020 00:00:00</LicenseDate>
    <MileageCounter>0</MileageCounter>
    <FuelRemain>500</FuelRemain>
    <Status>Ready</Status>
    <LastCareDate>01/02/2021 00:00:00</LastCareDate>
    <TimeToReady>NuN</TimeToReady>
  </DAOBus>
  <DAOBus>
    <Id>60328468</Id>
    <IsRunningId>False</IsRunningId>
    <IsDeleted>False</IsDeleted>
    <LicenseNumber>60328468</LicenseNumber>
    <LicenseDate>01/02/2020 00:00:00</LicenseDate>
    <MileageCounter>0</MileageCounter>
    <FuelRemain>500</FuelRemain>
    <Status>Ready</Status>
    <LastCareDate>01/02/2021 00:00:00</LastCareDate>
    <TimeToReady>NuN</TimeToReady>
  </DAOBus>
  <DAOBus>
    <IsRunningId>False</IsRunningId>
    <IsDeleted>False</IsDeleted>
    <Id>1020100</Id>
    <LicenseNumber>1020100</LicenseNumber>
    <LicenseDate>01/02/2014 00:00:00</LicenseDate>
    <FuelRemain>500</FuelRemain>
    <Status>Ready</Status>
    <LastCareDate>01/02/2021 00:00:00</LastCareDate>
    <TimeToReady>NuN</TimeToReady>
    <MileageCounter>0</MileageCounter>
  </DAOBus>
  <DAOBus>
    <IsRunningId>False</IsRunningId>
    <IsDeleted>False</IsDeleted>
    <Id>1060506</Id>
    <LicenseNumber>1060506</LicenseNumber>
    <LicenseDate>01/02/2014 00:00:00</LicenseDate>
    <MileageCounter>0</MileageCounter>
    <FuelRemain>500</FuelRemain>
    <Status>InCare</Status>
    <LastCareDate>01/02/2021 00:00:00</LastCareDate>
    <TimeToReady>03/02/2021 15:49:32</TimeToReady>
  </DAOBus>
  <DAOBus>
    <IsRunningId>False</IsRunningId>
    <IsDeleted>False</IsDeleted>
    <Id>1080709</Id>
    <LicenseNumber>1080709</LicenseNumber>
    <LicenseDate>01/02/2014 00:00:00</LicenseDate>
    <MileageCounter>0</MileageCounter>
    <FuelRemain>500</FuelRemain>
    <Status>Ready</Status>
    <LastCareDate>01/02/2021 00:00:00</LastCareDate>
    <TimeToReady>NuN</TimeToReady>
  </DAOBus>
  <DAOBus>
    <IsRunningId>False</IsRunningId>
    <IsDeleted>False</IsDeleted>
    <Id>1100912</Id>
    <LicenseNumber>1100912</LicenseNumber>
    <LicenseDate>01/02/2014 00:00:00</LicenseDate>
    <FuelRemain>500</FuelRemain>
    <Status>Ready</Status>
    <LastCareDate>01/02/2021 00:00:00</LastCareDate>
    <TimeToReady>NuN</TimeToReady>
    <MileageCounter>0</MileageCounter>
  </DAOBus>
</root>