﻿<?xml version="1.0" encoding="UTF-8" standalone="yes"?>
<root>
  <DAOLineTrip>
    <Id>0</Id>
    <LineId>0</LineId>
    <StartAt>7:0:0</StartAt>
    <Frequency>0:30:0</Frequency>
    <FinishAt>11:0:0</FinishAt>
    <IsRunningId>True</IsRunningId>
    <IsDeleted>False</IsDeleted>
  </DAOLineTrip>
  <DAOLineTrip>
    <Id>1</Id>
    <LineId>1</LineId>
    <StartAt>7:0:0</StartAt>
    <Frequency>0:35:0</Frequency>
    <FinishAt>11:0:0</FinishAt>
    <IsRunningId>True</IsRunningId>
    <IsDeleted>False</IsDeleted>
  </DAOLineTrip>
  <DAOLineTrip>
    <Id>2</Id>
    <LineId>2</LineId>
    <StartAt>7:0:0</StartAt>
    <Frequency>0:24:0</Frequency>
    <FinishAt>11:0:0</FinishAt>
    <IsRunningId>True</IsRunningId>
    <IsDeleted>False</IsDeleted>
  </DAOLineTrip>
  <DAOLineTrip>
    <Id>3</Id>
    <LineId>3</LineId>
    <StartAt>7:0:0</StartAt>
    <Frequency>0:33:0</Frequency>
    <FinishAt>11:0:0</FinishAt>
    <IsRunningId>True</IsRunningId>
    <IsDeleted>False</IsDeleted>
  </DAOLineTrip>
  <DAOLineTrip>
    <Id>4</Id>
    <LineId>4</LineId>
    <StartAt>7:0:0</StartAt>
    <Frequency>0:44:0</Frequency>
    <FinishAt>11:0:0</FinishAt>
    <IsRunningId>True</IsRunningId>
    <IsDeleted>False</IsDeleted>
  </DAOLineTrip>
  <DAOLineTrip>
    <Id>5</Id>
    <LineId>5</LineId>
    <StartAt>7:0:0</StartAt>
    <Frequency>0:23:0</Frequency>
    <FinishAt>11:0:0</FinishAt>
    <IsRunningId>True</IsRunningId>
    <IsDeleted>False</IsDeleted>
  </DAOLineTrip>
  <DAOLineTrip>
    <Id>6</Id>
    <LineId>6</LineId>
    <StartAt>7:0:0</StartAt>
    <Frequency>0:18:0</Frequency>
    <FinishAt>11:0:0</FinishAt>
    <IsRunningId>True</IsRunningId>
    <IsDeleted>False</IsDeleted>
  </DAOLineTrip>
  <DAOLineTrip>
    <Id>7</Id>
    <LineId>7</LineId>
    <StartAt>7:0:0</StartAt>
    <Frequency>0:29:0</Frequency>
    <FinishAt>11:0:0</FinishAt>
    <IsRunningId>True</IsRunningId>
    <IsDeleted>False</IsDeleted>
  </DAOLineTrip>
  <DAOLineTrip>
    <Id>8</Id>
    <LineId>8</LineId>
    <StartAt>7:0:0</StartAt>
    <Frequency>0:19:0</Frequency>
    <FinishAt>11:0:0</FinishAt>
    <IsRunningId>True</IsRunningId>
    <IsDeleted>False</IsDeleted>
  </DAOLineTrip>
  <DAOLineTrip>
    <Id>9</Id>
    <LineId>9</LineId>
    <StartAt>7:0:0</StartAt>
    <Frequency>0:57:0</Frequency>
    <FinishAt>11:0:0</FinishAt>
    <IsRunningId>True</IsRunningId>
    <IsDeleted>False</IsDeleted>
  </DAOLineTrip>
  <DAOLineTrip>
    <Id>10</Id>
    <LineId>10</LineId>
    <StartAt>7:0:0</StartAt>
    <Frequency>0:36:0</Frequency>
    <FinishAt>11:0:0</FinishAt>
    <IsRunningId>True</IsRunningId>
    <IsDeleted>False</IsDeleted>
  </DAOLineTrip>
  <DAOLineTrip>
    <Id>11</Id>
    <LineId>11</LineId>
    <StartAt>7:0:0</StartAt>
    <Frequency>0:47:0</Frequency>
    <FinishAt>11:0:0</FinishAt>
    <IsRunningId>True</IsRunningId>
    <IsDeleted>False</IsDeleted>
  </DAOLineTrip>
  <DAOLineTrip>
    <Id>12</Id>
    <LineId>12</LineId>
    <StartAt>7:0:0</StartAt>
    <Frequency>0:57:0</Frequency>
    <FinishAt>11:0:0</FinishAt>
    <IsRunningId>True</IsRunningId>
    <IsDeleted>False</IsDeleted>
  </DAOLineTrip>
  <DAOLineTrip>
    <Id>13</Id>
    <LineId>13</LineId>
    <StartAt>7:0:0</StartAt>
    <Frequency>0:19:0</Frequency>
    <FinishAt>11:0:0</FinishAt>
    <IsRunningId>True</IsRunningId>
    <IsDeleted>False</IsDeleted>
  </DAOLineTrip>
  <DAOLineTrip>
    <Id>14</Id>
    <LineId>14</LineId>
    <StartAt>7:0:0</StartAt>
    <Frequency>0:21:0</Frequency>
    <FinishAt>11:0:0</FinishAt>
    <IsRunningId>True</IsRunningId>
    <IsDeleted>False</IsDeleted>
  </DAOLineTrip>
  <DAOLineTrip>
    <Id>15</Id>
    <LineId>15</LineId>
    <StartAt>7:0:0</StartAt>
    <Frequency>0:30:0</Frequency>
    <FinishAt>11:0:0</FinishAt>
    <IsRunningId>True</IsRunningId>
    <IsDeleted>False</IsDeleted>
  </DAOLineTrip>
  <DAOLineTrip>
    <Id>16</Id>
    <LineId>16</LineId>
    <StartAt>7:0:0</StartAt>
    <Frequency>0:31:0</Frequency>
    <FinishAt>11:0:0</FinishAt>
    <IsRunningId>True</IsRunningId>
    <IsDeleted>False</IsDeleted>
  </DAOLineTrip>
  <DAOLineTrip>
    <Id>17</Id>
    <LineId>17</LineId>
    <StartAt>7:0:0</StartAt>
    <Frequency>0:42:0</Frequency>
    <FinishAt>11:0:0</FinishAt>
    <IsRunningId>True</IsRunningId>
    <IsDeleted>False</IsDeleted>
  </DAOLineTrip>
  <DAOLineTrip>
    <Id>18</Id>
    <LineId>18</LineId>
    <StartAt>7:0:0</StartAt>
    <Frequency>0:52:0</Frequency>
    <FinishAt>11:0:0</FinishAt>
    <IsRunningId>True</IsRunningId>
    <IsDeleted>False</IsDeleted>
  </DAOLineTrip>
  <DAOLineTrip>
    <Id>19</Id>
    <LineId>19</LineId>
    <StartAt>7:0:0</StartAt>
    <Frequency>0:37:0</Frequency>
    <FinishAt>11:0:0</FinishAt>
    <IsRunningId>True</IsRunningId>
    <IsDeleted>False</IsDeleted>
  </DAOLineTrip>
  <DAOLineTrip>
    <Id>20</Id>
    <LineId>20</LineId>
    <StartAt>7:0:0</StartAt>
    <Frequency>0:47:0</Frequency>
    <FinishAt>11:0:0</FinishAt>
    <IsRunningId>True</IsRunningId>
    <IsDeleted>False</IsDeleted>
  </DAOLineTrip>
  <DAOLineTrip>
    <Id>21</Id>
    <LineId>21</LineId>
    <StartAt>7:0:0</StartAt>
    <Frequency>0:31:0</Frequency>
    <FinishAt>11:0:0</FinishAt>
    <IsRunningId>True</IsRunningId>
    <IsDeleted>False</IsDeleted>
  </DAOLineTrip>
  <DAOLineTrip>
    <Id>22</Id>
    <LineId>22</LineId>
    <StartAt>7:0:0</StartAt>
    <Frequency>0:46:0</Frequency>
    <FinishAt>11:0:0</FinishAt>
    <IsRunningId>True</IsRunningId>
    <IsDeleted>False</IsDeleted>
  </DAOLineTrip>
  <DAOLineTrip>
    <Id>23</Id>
    <LineId>23</LineId>
    <StartAt>7:0:0</StartAt>
    <Frequency>0:44:0</Frequency>
    <FinishAt>11:0:0</FinishAt>
    <IsRunningId>True</IsRunningId>
    <IsDeleted>False</IsDeleted>
  </DAOLineTrip>
  <DAOLineTrip>
    <Id>24</Id>
    <LineId>24</LineId>
    <StartAt>7:0:0</StartAt>
    <Frequency>0:30:0</Frequency>
    <FinishAt>11:0:0</FinishAt>
    <IsRunningId>True</IsRunningId>
    <IsDeleted>False</IsDeleted>
  </DAOLineTrip>
  <DAOLineTrip>
    <Id>25</Id>
    <LineId>25</LineId>
    <StartAt>7:0:0</StartAt>
    <Frequency>0:19:0</Frequency>
    <FinishAt>11:0:0</FinishAt>
    <IsRunningId>True</IsRunningId>
    <IsDeleted>False</IsDeleted>
  </DAOLineTrip>
  <DAOLineTrip>
    <Id>26</Id>
    <LineId>26</LineId>
    <StartAt>7:0:0</StartAt>
    <Frequency>0:53:0</Frequency>
    <FinishAt>11:0:0</FinishAt>
    <IsRunningId>True</IsRunningId>
    <IsDeleted>False</IsDeleted>
  </DAOLineTrip>
  <DAOLineTrip>
    <Id>27</Id>
    <LineId>27</LineId>
    <StartAt>7:0:0</StartAt>
    <Frequency>0:45:0</Frequency>
    <FinishAt>11:0:0</FinishAt>
    <IsRunningId>True</IsRunningId>
    <IsDeleted>False</IsDeleted>
  </DAOLineTrip>
  <DAOLineTrip>
    <Id>28</Id>
    <LineId>28</LineId>
    <StartAt>7:0:0</StartAt>
    <Frequency>0:21:0</Frequency>
    <FinishAt>11:0:0</FinishAt>
    <IsRunningId>True</IsRunningId>
    <IsDeleted>False</IsDeleted>
  </DAOLineTrip>
  <DAOLineTrip>
    <Id>29</Id>
    <LineId>29</LineId>
    <StartAt>7:0:0</StartAt>
    <Frequency>0:23:0</Frequency>
    <FinishAt>11:0:0</FinishAt>
    <IsRunningId>True</IsRunningId>
    <IsDeleted>False</IsDeleted>
  </DAOLineTrip>
  <DAOLineTrip>
    <Id>30</Id>
    <LineId>30</LineId>
    <StartAt>7:0:0</StartAt>
    <Frequency>0:57:0</Frequency>
    <FinishAt>11:0:0</FinishAt>
    <IsRunningId>True</IsRunningId>
    <IsDeleted>False</IsDeleted>
  </DAOLineTrip>
  <DAOLineTrip>
    <Id>31</Id>
    <LineId>31</LineId>
    <StartAt>7:0:0</StartAt>
    <Frequency>0:27:0</Frequency>
    <FinishAt>11:0:0</FinishAt>
    <IsRunningId>True</IsRunningId>
    <IsDeleted>False</IsDeleted>
  </DAOLineTrip>
  <DAOLineTrip>
    <Id>32</Id>
    <LineId>32</LineId>
    <StartAt>7:0:0</StartAt>
    <Frequency>0:45:0</Frequency>
    <FinishAt>11:0:0</FinishAt>
    <IsRunningId>True</IsRunningId>
    <IsDeleted>False</IsDeleted>
  </DAOLineTrip>
  <DAOLineTrip>
    <Id>33</Id>
    <LineId>33</LineId>
    <StartAt>7:0:0</StartAt>
    <Frequency>0:44:0</Frequency>
    <FinishAt>11:0:0</FinishAt>
    <IsRunningId>True</IsRunningId>
    <IsDeleted>False</IsDeleted>
  </DAOLineTrip>
  <DAOLineTrip>
    <Id>34</Id>
    <LineId>34</LineId>
    <StartAt>7:0:0</StartAt>
    <Frequency>0:46:0</Frequency>
    <FinishAt>11:0:0</FinishAt>
    <IsRunningId>True</IsRunningId>
    <IsDeleted>False</IsDeleted>
  </DAOLineTrip>
  <DAOLineTrip>
    <Id>35</Id>
    <LineId>35</LineId>
    <StartAt>7:0:0</StartAt>
    <Frequency>0:28:0</Frequency>
    <FinishAt>11:0:0</FinishAt>
    <IsRunningId>True</IsRunningId>
    <IsDeleted>False</IsDeleted>
  </DAOLineTrip>
  <DAOLineTrip>
    <Id>36</Id>
    <LineId>36</LineId>
    <StartAt>7:0:0</StartAt>
    <Frequency>0:24:0</Frequency>
    <FinishAt>11:0:0</FinishAt>
    <IsRunningId>True</IsRunningId>
    <IsDeleted>False</IsDeleted>
  </DAOLineTrip>
  <DAOLineTrip>
    <Id>37</Id>
    <LineId>37</LineId>
    <StartAt>7:0:0</StartAt>
    <Frequency>0:40:0</Frequency>
    <FinishAt>11:0:0</FinishAt>
    <IsRunningId>True</IsRunningId>
    <IsDeleted>False</IsDeleted>
  </DAOLineTrip>
  <DAOLineTrip>
    <Id>38</Id>
    <LineId>38</LineId>
    <StartAt>7:0:0</StartAt>
    <Frequency>0:53:0</Frequency>
    <FinishAt>11:0:0</FinishAt>
    <IsRunningId>True</IsRunningId>
    <IsDeleted>False</IsDeleted>
  </DAOLineTrip>
  <DAOLineTrip>
    <Id>39</Id>
    <LineId>39</LineId>
    <StartAt>7:0:0</StartAt>
    <Frequency>0:39:0</Frequency>
    <FinishAt>11:0:0</FinishAt>
    <IsRunningId>True</IsRunningId>
    <IsDeleted>False</IsDeleted>
  </DAOLineTrip>
  <DAOLineTrip>
    <Id>40</Id>
    <LineId>40</LineId>
    <StartAt>7:0:0</StartAt>
    <Frequency>0:22:0</Frequency>
    <FinishAt>11:0:0</FinishAt>
    <IsRunningId>True</IsRunningId>
    <IsDeleted>False</IsDeleted>
  </DAOLineTrip>
  <DAOLineTrip>
    <Id>41</Id>
    <LineId>41</LineId>
    <StartAt>7:0:0</StartAt>
    <Frequency>0:36:0</Frequency>
    <FinishAt>11:0:0</FinishAt>
    <IsRunningId>True</IsRunningId>
    <IsDeleted>False</IsDeleted>
  </DAOLineTrip>
  <DAOLineTrip>
    <Id>42</Id>
    <LineId>42</LineId>
    <StartAt>7:0:0</StartAt>
    <Frequency>0:23:0</Frequency>
    <FinishAt>11:0:0</FinishAt>
    <IsRunningId>True</IsRunningId>
    <IsDeleted>False</IsDeleted>
  </DAOLineTrip>
  <DAOLineTrip>
    <Id>43</Id>
    <LineId>43</LineId>
    <StartAt>7:0:0</StartAt>
    <Frequency>0:27:0</Frequency>
    <FinishAt>11:0:0</FinishAt>
    <IsRunningId>True</IsRunningId>
    <IsDeleted>False</IsDeleted>
  </DAOLineTrip>
  <DAOLineTrip>
    <Id>44</Id>
    <LineId>44</LineId>
    <StartAt>7:0:0</StartAt>
    <Frequency>0:17:0</Frequency>
    <FinishAt>11:0:0</FinishAt>
    <IsRunningId>True</IsRunningId>
    <IsDeleted>False</IsDeleted>
  </DAOLineTrip>
  <DAOLineTrip>
    <Id>45</Id>
    <LineId>45</LineId>
    <StartAt>7:0:0</StartAt>
    <Frequency>0:51:0</Frequency>
    <FinishAt>11:0:0</FinishAt>
    <IsRunningId>True</IsRunningId>
    <IsDeleted>False</IsDeleted>
  </DAOLineTrip>
  <DAOLineTrip>
    <Id>46</Id>
    <LineId>46</LineId>
    <StartAt>7:0:0</StartAt>
    <Frequency>0:46:0</Frequency>
    <FinishAt>11:0:0</FinishAt>
    <IsRunningId>True</IsRunningId>
    <IsDeleted>False</IsDeleted>
  </DAOLineTrip>
  <DAOLineTrip>
    <Id>47</Id>
    <LineId>47</LineId>
    <StartAt>7:0:0</StartAt>
    <Frequency>0:37:0</Frequency>
    <FinishAt>11:0:0</FinishAt>
    <IsRunningId>True</IsRunningId>
    <IsDeleted>False</IsDeleted>
  </DAOLineTrip>
  <DAOLineTrip>
    <Id>48</Id>
    <LineId>48</LineId>
    <StartAt>7:0:0</StartAt>
    <Frequency>0:49:0</Frequency>
    <FinishAt>11:0:0</FinishAt>
    <IsRunningId>True</IsRunningId>
    <IsDeleted>False</IsDeleted>
  </DAOLineTrip>
  <DAOLineTrip>
    <Id>49</Id>
    <LineId>49</LineId>
    <StartAt>7:0:0</StartAt>
    <Frequency>0:32:0</Frequency>
    <FinishAt>11:0:0</FinishAt>
    <IsRunningId>True</IsRunningId>
    <IsDeleted>False</IsDeleted>
  </DAOLineTrip>
  <DAOLineTrip>
    <Id>50</Id>
    <LineId>50</LineId>
    <StartAt>7:0:0</StartAt>
    <Frequency>0:23:0</Frequency>
    <FinishAt>11:0:0</FinishAt>
    <IsRunningId>True</IsRunningId>
    <IsDeleted>False</IsDeleted>
  </DAOLineTrip>
  <DAOLineTrip>
    <Id>51</Id>
    <LineId>51</LineId>
    <StartAt>7:0:0</StartAt>
    <Frequency>0:15:0</Frequency>
    <FinishAt>11:0:0</FinishAt>
    <IsRunningId>True</IsRunningId>
    <IsDeleted>False</IsDeleted>
  </DAOLineTrip>
  <DAOLineTrip>
    <Id>52</Id>
    <LineId>52</LineId>
    <StartAt>7:0:0</StartAt>
    <Frequency>0:29:0</Frequency>
    <FinishAt>11:0:0</FinishAt>
    <IsRunningId>True</IsRunningId>
    <IsDeleted>False</IsDeleted>
  </DAOLineTrip>
  <DAOLineTrip>
    <Id>53</Id>
    <LineId>53</LineId>
    <StartAt>7:0:0</StartAt>
    <Frequency>0:41:0</Frequency>
    <FinishAt>11:0:0</FinishAt>
    <IsRunningId>True</IsRunningId>
    <IsDeleted>False</IsDeleted>
  </DAOLineTrip>
  <DAOLineTrip>
    <Id>54</Id>
    <LineId>54</LineId>
    <StartAt>7:0:0</StartAt>
    <Frequency>0:22:0</Frequency>
    <FinishAt>11:0:0</FinishAt>
    <IsRunningId>True</IsRunningId>
    <IsDeleted>False</IsDeleted>
  </DAOLineTrip>
  <DAOLineTrip>
    <Id>55</Id>
    <LineId>55</LineId>
    <StartAt>7:0:0</StartAt>
    <Frequency>0:17:0</Frequency>
    <FinishAt>11:0:0</FinishAt>
    <IsRunningId>True</IsRunningId>
    <IsDeleted>False</IsDeleted>
  </DAOLineTrip>
  <DAOLineTrip>
    <Id>56</Id>
    <LineId>56</LineId>
    <StartAt>7:0:0</StartAt>
    <Frequency>0:26:0</Frequency>
    <FinishAt>11:0:0</FinishAt>
    <IsRunningId>True</IsRunningId>
    <IsDeleted>False</IsDeleted>
  </DAOLineTrip>
  <DAOLineTrip>
    <Id>57</Id>
    <LineId>57</LineId>
    <StartAt>7:0:0</StartAt>
    <Frequency>0:22:0</Frequency>
    <FinishAt>11:0:0</FinishAt>
    <IsRunningId>True</IsRunningId>
    <IsDeleted>False</IsDeleted>
  </DAOLineTrip>
  <DAOLineTrip>
    <Id>58</Id>
    <LineId>58</LineId>
    <StartAt>7:0:0</StartAt>
    <Frequency>0:26:0</Frequency>
    <FinishAt>11:0:0</FinishAt>
    <IsRunningId>True</IsRunningId>
    <IsDeleted>False</IsDeleted>
  </DAOLineTrip>
  <DAOLineTrip>
    <Id>59</Id>
    <LineId>59</LineId>
    <StartAt>7:0:0</StartAt>
    <Frequency>0:24:0</Frequency>
    <FinishAt>11:0:0</FinishAt>
    <IsRunningId>True</IsRunningId>
    <IsDeleted>False</IsDeleted>
  </DAOLineTrip>
  <DAOLineTrip>
    <Id>60</Id>
    <LineId>60</LineId>
    <StartAt>7:0:0</StartAt>
    <Frequency>0:16:0</Frequency>
    <FinishAt>11:0:0</FinishAt>
    <IsRunningId>True</IsRunningId>
    <IsDeleted>False</IsDeleted>
  </DAOLineTrip>
  <DAOLineTrip>
    <Id>61</Id>
    <LineId>61</LineId>
    <StartAt>7:0:0</StartAt>
    <Frequency>0:23:0</Frequency>
    <FinishAt>11:0:0</FinishAt>
    <IsRunningId>True</IsRunningId>
    <IsDeleted>False</IsDeleted>
  </DAOLineTrip>
  <DAOLineTrip>
    <Id>62</Id>
    <LineId>62</LineId>
    <StartAt>7:0:0</StartAt>
    <Frequency>0:26:0</Frequency>
    <FinishAt>11:0:0</FinishAt>
    <IsRunningId>True</IsRunningId>
    <IsDeleted>False</IsDeleted>
  </DAOLineTrip>
  <DAOLineTrip>
    <Id>63</Id>
    <LineId>63</LineId>
    <StartAt>7:0:0</StartAt>
    <Frequency>0:46:0</Frequency>
    <FinishAt>11:0:0</FinishAt>
    <IsRunningId>True</IsRunningId>
    <IsDeleted>False</IsDeleted>
  </DAOLineTrip>
  <DAOLineTrip>
    <Id>64</Id>
    <LineId>64</LineId>
    <StartAt>7:0:0</StartAt>
    <Frequency>0:28:0</Frequency>
    <FinishAt>11:0:0</FinishAt>
    <IsRunningId>True</IsRunningId>
    <IsDeleted>False</IsDeleted>
  </DAOLineTrip>
  <DAOLineTrip>
    <Id>65</Id>
    <LineId>65</LineId>
    <StartAt>7:0:0</StartAt>
    <Frequency>0:45:0</Frequency>
    <FinishAt>11:0:0</FinishAt>
    <IsRunningId>True</IsRunningId>
    <IsDeleted>False</IsDeleted>
  </DAOLineTrip>
  <DAOLineTrip>
    <Id>66</Id>
    <LineId>66</LineId>
    <StartAt>7:0:0</StartAt>
    <Frequency>0:47:0</Frequency>
    <FinishAt>11:0:0</FinishAt>
    <IsRunningId>True</IsRunningId>
    <IsDeleted>False</IsDeleted>
  </DAOLineTrip>
  <DAOLineTrip>
    <Id>67</Id>
    <LineId>67</LineId>
    <StartAt>7:0:0</StartAt>
    <Frequency>0:43:0</Frequency>
    <FinishAt>11:0:0</FinishAt>
    <IsRunningId>True</IsRunningId>
    <IsDeleted>False</IsDeleted>
  </DAOLineTrip>
  <DAOLineTrip>
    <Id>68</Id>
    <LineId>68</LineId>
    <StartAt>7:0:0</StartAt>
    <Frequency>0:28:0</Frequency>
    <FinishAt>11:0:0</FinishAt>
    <IsRunningId>True</IsRunningId>
    <IsDeleted>False</IsDeleted>
  </DAOLineTrip>
  <DAOLineTrip>
    <Id>69</Id>
    <LineId>69</LineId>
    <StartAt>7:0:0</StartAt>
    <Frequency>0:39:0</Frequency>
    <FinishAt>11:0:0</FinishAt>
    <IsRunningId>True</IsRunningId>
    <IsDeleted>False</IsDeleted>
  </DAOLineTrip>
  <DAOLineTrip>
    <Id>70</Id>
    <LineId>70</LineId>
    <StartAt>7:0:0</StartAt>
    <Frequency>0:44:0</Frequency>
    <FinishAt>11:0:0</FinishAt>
    <IsRunningId>True</IsRunningId>
    <IsDeleted>False</IsDeleted>
  </DAOLineTrip>
  <DAOLineTrip>
    <Id>71</Id>
    <LineId>71</LineId>
    <StartAt>7:0:0</StartAt>
    <Frequency>0:45:0</Frequency>
    <FinishAt>11:0:0</FinishAt>
    <IsRunningId>True</IsRunningId>
    <IsDeleted>False</IsDeleted>
  </DAOLineTrip>
  <DAOLineTrip>
    <Id>72</Id>
    <LineId>72</LineId>
    <StartAt>7:0:0</StartAt>
    <Frequency>0:58:0</Frequency>
    <FinishAt>11:0:0</FinishAt>
    <IsRunningId>True</IsRunningId>
    <IsDeleted>False</IsDeleted>
  </DAOLineTrip>
  <DAOLineTrip>
    <Id>73</Id>
    <LineId>73</LineId>
    <StartAt>7:0:0</StartAt>
    <Frequency>0:59:0</Frequency>
    <FinishAt>11:0:0</FinishAt>
    <IsRunningId>True</IsRunningId>
    <IsDeleted>False</IsDeleted>
  </DAOLineTrip>
  <DAOLineTrip>
    <Id>74</Id>
    <LineId>74</LineId>
    <StartAt>7:0:0</StartAt>
    <Frequency>0:49:0</Frequency>
    <FinishAt>11:0:0</FinishAt>
    <IsRunningId>True</IsRunningId>
    <IsDeleted>False</IsDeleted>
  </DAOLineTrip>
  <DAOLineTrip>
    <Id>75</Id>
    <LineId>75</LineId>
    <StartAt>7:0:0</StartAt>
    <Frequency>0:21:0</Frequency>
    <FinishAt>11:0:0</FinishAt>
    <IsRunningId>True</IsRunningId>
    <IsDeleted>False</IsDeleted>
  </DAOLineTrip>
  <DAOLineTrip>
    <Id>76</Id>
    <LineId>76</LineId>
    <StartAt>7:0:0</StartAt>
    <Frequency>0:37:0</Frequency>
    <FinishAt>11:0:0</FinishAt>
    <IsRunningId>True</IsRunningId>
    <IsDeleted>False</IsDeleted>
  </DAOLineTrip>
  <DAOLineTrip>
    <Id>77</Id>
    <LineId>77</LineId>
    <StartAt>7:0:0</StartAt>
    <Frequency>0:50:0</Frequency>
    <FinishAt>11:0:0</FinishAt>
    <IsRunningId>True</IsRunningId>
    <IsDeleted>False</IsDeleted>
  </DAOLineTrip>
  <DAOLineTrip>
    <Id>78</Id>
    <LineId>78</LineId>
    <StartAt>7:0:0</StartAt>
    <Frequency>0:30:0</Frequency>
    <FinishAt>11:0:0</FinishAt>
    <IsRunningId>True</IsRunningId>
    <IsDeleted>False</IsDeleted>
  </DAOLineTrip>
  <DAOLineTrip>
    <Id>79</Id>
    <LineId>79</LineId>
    <StartAt>7:0:0</StartAt>
    <Frequency>0:50:0</Frequency>
    <FinishAt>11:0:0</FinishAt>
    <IsRunningId>True</IsRunningId>
    <IsDeleted>False</IsDeleted>
  </DAOLineTrip>
  <DAOLineTrip>
    <Id>80</Id>
    <LineId>80</LineId>
    <StartAt>7:0:0</StartAt>
    <Frequency>0:55:0</Frequency>
    <FinishAt>11:0:0</FinishAt>
    <IsRunningId>True</IsRunningId>
    <IsDeleted>False</IsDeleted>
  </DAOLineTrip>
  <DAOLineTrip>
    <Id>81</Id>
    <LineId>81</LineId>
    <StartAt>7:0:0</StartAt>
    <Frequency>0:35:0</Frequency>
    <FinishAt>11:0:0</FinishAt>
    <IsRunningId>True</IsRunningId>
    <IsDeleted>False</IsDeleted>
  </DAOLineTrip>
  <DAOLineTrip>
    <Id>82</Id>
    <LineId>82</LineId>
    <StartAt>7:0:0</StartAt>
    <Frequency>0:20:0</Frequency>
    <FinishAt>11:0:0</FinishAt>
    <IsRunningId>True</IsRunningId>
    <IsDeleted>False</IsDeleted>
  </DAOLineTrip>
  <DAOLineTrip>
    <Id>83</Id>
    <LineId>83</LineId>
    <StartAt>7:0:0</StartAt>
    <Frequency>0:39:0</Frequency>
    <FinishAt>11:0:0</FinishAt>
    <IsRunningId>True</IsRunningId>
    <IsDeleted>False</IsDeleted>
  </DAOLineTrip>
  <DAOLineTrip>
    <Id>84</Id>
    <LineId>84</LineId>
    <StartAt>7:0:0</StartAt>
    <Frequency>0:57:0</Frequency>
    <FinishAt>11:0:0</FinishAt>
    <IsRunningId>True</IsRunningId>
    <IsDeleted>False</IsDeleted>
  </DAOLineTrip>
  <DAOLineTrip>
    <Id>85</Id>
    <LineId>85</LineId>
    <StartAt>7:0:0</StartAt>
    <Frequency>0:18:0</Frequency>
    <FinishAt>11:0:0</FinishAt>
    <IsRunningId>True</IsRunningId>
    <IsDeleted>False</IsDeleted>
  </DAOLineTrip>
  <DAOLineTrip>
    <Id>86</Id>
    <LineId>86</LineId>
    <StartAt>7:0:0</StartAt>
    <Frequency>0:34:0</Frequency>
    <FinishAt>11:0:0</FinishAt>
    <IsRunningId>True</IsRunningId>
    <IsDeleted>False</IsDeleted>
  </DAOLineTrip>
  <DAOLineTrip>
    <Id>87</Id>
    <LineId>87</LineId>
    <StartAt>7:0:0</StartAt>
    <Frequency>0:28:0</Frequency>
    <FinishAt>11:0:0</FinishAt>
    <IsRunningId>True</IsRunningId>
    <IsDeleted>False</IsDeleted>
  </DAOLineTrip>
  <DAOLineTrip>
    <Id>88</Id>
    <LineId>88</LineId>
    <StartAt>7:0:0</StartAt>
    <Frequency>0:23:0</Frequency>
    <FinishAt>11:0:0</FinishAt>
    <IsRunningId>True</IsRunningId>
    <IsDeleted>False</IsDeleted>
  </DAOLineTrip>
  <DAOLineTrip>
    <Id>89</Id>
    <LineId>89</LineId>
    <StartAt>7:0:0</StartAt>
    <Frequency>0:18:0</Frequency>
    <FinishAt>11:0:0</FinishAt>
    <IsRunningId>True</IsRunningId>
    <IsDeleted>False</IsDeleted>
  </DAOLineTrip>
  <DAOLineTrip>
    <Id>90</Id>
    <LineId>90</LineId>
    <StartAt>7:0:0</StartAt>
    <Frequency>0:49:0</Frequency>
    <FinishAt>11:0:0</FinishAt>
    <IsRunningId>True</IsRunningId>
    <IsDeleted>False</IsDeleted>
  </DAOLineTrip>
  <DAOLineTrip>
    <Id>91</Id>
    <LineId>91</LineId>
    <StartAt>7:0:0</StartAt>
    <Frequency>0:54:0</Frequency>
    <FinishAt>11:0:0</FinishAt>
    <IsRunningId>True</IsRunningId>
    <IsDeleted>False</IsDeleted>
  </DAOLineTrip>
  <DAOLineTrip>
    <Id>92</Id>
    <LineId>92</LineId>
    <StartAt>7:0:0</StartAt>
    <Frequency>0:56:0</Frequency>
    <FinishAt>11:0:0</FinishAt>
    <IsRunningId>True</IsRunningId>
    <IsDeleted>False</IsDeleted>
  </DAOLineTrip>
  <DAOLineTrip>
    <Id>93</Id>
    <LineId>93</LineId>
    <StartAt>7:0:0</StartAt>
    <Frequency>0:35:0</Frequency>
    <FinishAt>11:0:0</FinishAt>
    <IsRunningId>True</IsRunningId>
    <IsDeleted>False</IsDeleted>
  </DAOLineTrip>
  <DAOLineTrip>
    <Id>94</Id>
    <LineId>94</LineId>
    <StartAt>7:0:0</StartAt>
    <Frequency>0:15:0</Frequency>
    <FinishAt>11:0:0</FinishAt>
    <IsRunningId>True</IsRunningId>
    <IsDeleted>False</IsDeleted>
  </DAOLineTrip>
  <DAOLineTrip>
    <Id>95</Id>
    <LineId>95</LineId>
    <StartAt>7:0:0</StartAt>
    <Frequency>0:56:0</Frequency>
    <FinishAt>11:0:0</FinishAt>
    <IsRunningId>True</IsRunningId>
    <IsDeleted>False</IsDeleted>
  </DAOLineTrip>
  <DAOLineTrip>
    <Id>96</Id>
    <LineId>96</LineId>
    <StartAt>7:0:0</StartAt>
    <Frequency>0:49:0</Frequency>
    <FinishAt>11:0:0</FinishAt>
    <IsRunningId>True</IsRunningId>
    <IsDeleted>False</IsDeleted>
  </DAOLineTrip>
  <DAOLineTrip>
    <Id>97</Id>
    <LineId>97</LineId>
    <StartAt>7:0:0</StartAt>
    <Frequency>0:42:0</Frequency>
    <FinishAt>11:0:0</FinishAt>
    <IsRunningId>True</IsRunningId>
    <IsDeleted>False</IsDeleted>
  </DAOLineTrip>
  <DAOLineTrip>
    <Id>98</Id>
    <LineId>98</LineId>
    <StartAt>7:0:0</StartAt>
    <Frequency>0:16:0</Frequency>
    <FinishAt>11:0:0</FinishAt>
    <IsRunningId>True</IsRunningId>
    <IsDeleted>False</IsDeleted>
  </DAOLineTrip>
  <DAOLineTrip>
    <Id>99</Id>
    <LineId>99</LineId>
    <StartAt>7:0:0</StartAt>
    <Frequency>0:16:0</Frequency>
    <FinishAt>11:0:0</FinishAt>
    <IsRunningId>True</IsRunningId>
    <IsDeleted>False</IsDeleted>
  </DAOLineTrip>
</root>