﻿<?xml version="1.0" encoding="UTF-8" standalone="yes"?>
<root>
  <DAOLine>
    <Id>0</Id>
    <Code>439</Code>
    <FirstStationId>39842</FirstStationId>
    <LastStationId>38845</LastStationId>
    <Area>Jerusalem</Area>
    <IsRunningId>True</IsRunningId>
    <IsDeleted>False</IsDeleted>
  </DAOLine>
  <DAOLine>
    <Id>1</Id>
    <Code>737</Code>
    <FirstStationId>39411</FirstStationId>
    <LastStationId>39722</LastStationId>
    <Area>North</Area>
    <IsRunningId>True</IsRunningId>
    <IsDeleted>False</IsDeleted>
  </DAOLine>
  <DAOLine>
    <Id>2</Id>
    <Code>769</Code>
    <FirstStationId>39410</FirstStationId>
    <LastStationId>39355</LastStationId>
    <Area>North</Area>
    <IsRunningId>True</IsRunningId>
    <IsDeleted>False</IsDeleted>
  </DAOLine>
  <DAOLine>
    <Id>3</Id>
    <Code>41</Code>
    <FirstStationId>39840</FirstStationId>
    <LastStationId>39119</LastStationId>
    <Area>North</Area>
    <IsRunningId>True</IsRunningId>
    <IsDeleted>False</IsDeleted>
  </DAOLine>
  <DAOLine>
    <Id>4</Id>
    <Code>676</Code>
    <FirstStationId>39950</FirstStationId>
    <LastStationId>39945</LastStationId>
    <Area>Jerusalem</Area>
    <IsRunningId>True</IsRunningId>
    <IsDeleted>False</IsDeleted>
  </DAOLine>
  <DAOLine>
    <Id>5</Id>
    <Code>681</Code>
    <FirstStationId>39383</FirstStationId>
    <LastStationId>39357</LastStationId>
    <Area>Center</Area>
    <IsRunningId>True</IsRunningId>
    <IsDeleted>False</IsDeleted>
  </DAOLine>
  <DAOLine>
    <Id>6</Id>
    <Code>365</Code>
    <FirstStationId>39424</FirstStationId>
    <LastStationId>39919</LastStationId>
    <Area>General</Area>
    <IsRunningId>True</IsRunningId>
    <IsDeleted>False</IsDeleted>
  </DAOLine>
  <DAOLine>
    <Id>7</Id>
    <Code>54</Code>
    <FirstStationId>39618</FirstStationId>
    <LastStationId>38863</LastStationId>
    <Area>General</Area>
    <IsRunningId>True</IsRunningId>
    <IsDeleted>False</IsDeleted>
  </DAOLine>
  <DAOLine>
    <Id>8</Id>
    <Code>246</Code>
    <FirstStationId>39208</FirstStationId>
    <LastStationId>39398</LastStationId>
    <Area>General</Area>
    <IsRunningId>True</IsRunningId>
    <IsDeleted>False</IsDeleted>
  </DAOLine>
  <DAOLine>
    <Id>9</Id>
    <Code>609</Code>
    <FirstStationId>39508</FirstStationId>
    <LastStationId>40143</LastStationId>
    <Area>Center</Area>
    <IsRunningId>True</IsRunningId>
    <IsDeleted>False</IsDeleted>
  </DAOLine>
  <DAOLine>
    <Id>10</Id>
    <Code>381</Code>
    <FirstStationId>38870</FirstStationId>
    <LastStationId>40045</LastStationId>
    <Area>North</Area>
    <IsRunningId>True</IsRunningId>
    <IsDeleted>False</IsDeleted>
  </DAOLine>
  <DAOLine>
    <Id>11</Id>
    <Code>549</Code>
    <FirstStationId>39520</FirstStationId>
    <LastStationId>38891</LastStationId>
    <Area>South</Area>
    <IsRunningId>True</IsRunningId>
    <IsDeleted>False</IsDeleted>
  </DAOLine>
  <DAOLine>
    <Id>12</Id>
    <Code>344</Code>
    <FirstStationId>39082</FirstStationId>
    <LastStationId>40171</LastStationId>
    <Area>North</Area>
    <IsRunningId>True</IsRunningId>
    <IsDeleted>False</IsDeleted>
  </DAOLine>
  <DAOLine>
    <Id>13</Id>
    <Code>430</Code>
    <FirstStationId>39831</FirstStationId>
    <LastStationId>39283</LastStationId>
    <Area>Center</Area>
    <IsRunningId>True</IsRunningId>
    <IsDeleted>False</IsDeleted>
  </DAOLine>
  <DAOLine>
    <Id>14</Id>
    <Code>347</Code>
    <FirstStationId>39115</FirstStationId>
    <LastStationId>39292</LastStationId>
    <Area>Jerusalem</Area>
    <IsRunningId>True</IsRunningId>
    <IsDeleted>False</IsDeleted>
  </DAOLine>
  <DAOLine>
    <Id>15</Id>
    <Code>211</Code>
    <FirstStationId>39814</FirstStationId>
    <LastStationId>39699</LastStationId>
    <Area>General</Area>
    <IsRunningId>True</IsRunningId>
    <IsDeleted>False</IsDeleted>
  </DAOLine>
  <DAOLine>
    <Id>16</Id>
    <Code>200</Code>
    <FirstStationId>39721</FirstStationId>
    <LastStationId>39444</LastStationId>
    <Area>Center</Area>
    <IsRunningId>True</IsRunningId>
    <IsDeleted>False</IsDeleted>
  </DAOLine>
  <DAOLine>
    <Id>17</Id>
    <Code>459</Code>
    <FirstStationId>39307</FirstStationId>
    <LastStationId>39634</LastStationId>
    <Area>North</Area>
    <IsRunningId>True</IsRunningId>
    <IsDeleted>False</IsDeleted>
  </DAOLine>
  <DAOLine>
    <Id>18</Id>
    <Code>729</Code>
    <FirstStationId>39291</FirstStationId>
    <LastStationId>39788</LastStationId>
    <Area>North</Area>
    <IsRunningId>True</IsRunningId>
    <IsDeleted>False</IsDeleted>
  </DAOLine>
  <DAOLine>
    <Id>19</Id>
    <Code>917</Code>
    <FirstStationId>39294</FirstStationId>
    <LastStationId>39950</LastStationId>
    <Area>General</Area>
    <IsRunningId>True</IsRunningId>
    <IsDeleted>False</IsDeleted>
  </DAOLine>
  <DAOLine>
    <Id>20</Id>
    <Code>157</Code>
    <FirstStationId>39987</FirstStationId>
    <LastStationId>38883</LastStationId>
    <Area>North</Area>
    <IsRunningId>True</IsRunningId>
    <IsDeleted>False</IsDeleted>
  </DAOLine>
  <DAOLine>
    <Id>21</Id>
    <Code>100</Code>
    <FirstStationId>40060</FirstStationId>
    <LastStationId>38914</LastStationId>
    <Area>South</Area>
    <IsRunningId>True</IsRunningId>
    <IsDeleted>False</IsDeleted>
  </DAOLine>
  <DAOLine>
    <Id>22</Id>
    <Code>190</Code>
    <FirstStationId>40090</FirstStationId>
    <LastStationId>40311</LastStationId>
    <Area>Jerusalem</Area>
    <IsRunningId>True</IsRunningId>
    <IsDeleted>False</IsDeleted>
  </DAOLine>
  <DAOLine>
    <Id>23</Id>
    <Code>628</Code>
    <FirstStationId>39487</FirstStationId>
    <LastStationId>39981</LastStationId>
    <Area>Center</Area>
    <IsRunningId>True</IsRunningId>
    <IsDeleted>False</IsDeleted>
  </DAOLine>
  <DAOLine>
    <Id>24</Id>
    <Code>533</Code>
    <FirstStationId>39805</FirstStationId>
    <LastStationId>38914</LastStationId>
    <Area>North</Area>
    <IsRunningId>True</IsRunningId>
    <IsDeleted>False</IsDeleted>
  </DAOLine>
  <DAOLine>
    <Id>25</Id>
    <Code>814</Code>
    <FirstStationId>39256</FirstStationId>
    <LastStationId>39645</LastStationId>
    <Area>Center</Area>
    <IsRunningId>True</IsRunningId>
    <IsDeleted>False</IsDeleted>
  </DAOLine>
  <DAOLine>
    <Id>26</Id>
    <Code>592</Code>
    <FirstStationId>39151</FirstStationId>
    <LastStationId>39478</LastStationId>
    <Area>Jerusalem</Area>
    <IsRunningId>True</IsRunningId>
    <IsDeleted>False</IsDeleted>
  </DAOLine>
  <DAOLine>
    <Id>27</Id>
    <Code>106</Code>
    <FirstStationId>40095</FirstStationId>
    <LastStationId>40253</LastStationId>
    <Area>General</Area>
    <IsRunningId>True</IsRunningId>
    <IsDeleted>False</IsDeleted>
  </DAOLine>
  <DAOLine>
    <Id>28</Id>
    <Code>944</Code>
    <FirstStationId>39439</FirstStationId>
    <LastStationId>39234</LastStationId>
    <Area>Jerusalem</Area>
    <IsRunningId>True</IsRunningId>
    <IsDeleted>False</IsDeleted>
  </DAOLine>
  <DAOLine>
    <Id>29</Id>
    <Code>475</Code>
    <FirstStationId>39057</FirstStationId>
    <LastStationId>39386</LastStationId>
    <Area>North</Area>
    <IsRunningId>True</IsRunningId>
    <IsDeleted>False</IsDeleted>
  </DAOLine>
  <DAOLine>
    <Id>30</Id>
    <Code>708</Code>
    <FirstStationId>39681</FirstStationId>
    <LastStationId>39417</LastStationId>
    <Area>North</Area>
    <IsRunningId>True</IsRunningId>
    <IsDeleted>False</IsDeleted>
  </DAOLine>
  <DAOLine>
    <Id>31</Id>
    <Code>538</Code>
    <FirstStationId>40077</FirstStationId>
    <LastStationId>39815</LastStationId>
    <Area>Center</Area>
    <IsRunningId>True</IsRunningId>
    <IsDeleted>False</IsDeleted>
  </DAOLine>
  <DAOLine>
    <Id>32</Id>
    <Code>763</Code>
    <FirstStationId>39716</FirstStationId>
    <LastStationId>39536</LastStationId>
    <Area>General</Area>
    <IsRunningId>True</IsRunningId>
    <IsDeleted>False</IsDeleted>
  </DAOLine>
  <DAOLine>
    <Id>33</Id>
    <Code>696</Code>
    <FirstStationId>39409</FirstStationId>
    <LastStationId>39581</LastStationId>
    <Area>South</Area>
    <IsRunningId>True</IsRunningId>
    <IsDeleted>False</IsDeleted>
  </DAOLine>
  <DAOLine>
    <Id>34</Id>
    <Code>716</Code>
    <FirstStationId>40293</FirstStationId>
    <LastStationId>40161</LastStationId>
    <Area>General</Area>
    <IsRunningId>True</IsRunningId>
    <IsDeleted>False</IsDeleted>
  </DAOLine>
  <DAOLine>
    <Id>35</Id>
    <Code>820</Code>
    <FirstStationId>39717</FirstStationId>
    <LastStationId>39293</LastStationId>
    <Area>Center</Area>
    <IsRunningId>True</IsRunningId>
    <IsDeleted>False</IsDeleted>
  </DAOLine>
  <DAOLine>
    <Id>36</Id>
    <Code>762</Code>
    <FirstStationId>39950</FirstStationId>
    <LastStationId>39656</LastStationId>
    <Area>Center</Area>
    <IsRunningId>True</IsRunningId>
    <IsDeleted>False</IsDeleted>
  </DAOLine>
  <DAOLine>
    <Id>37</Id>
    <Code>711</Code>
    <FirstStationId>39416</FirstStationId>
    <LastStationId>38878</LastStationId>
    <Area>Center</Area>
    <IsRunningId>True</IsRunningId>
    <IsDeleted>False</IsDeleted>
  </DAOLine>
  <DAOLine>
    <Id>38</Id>
    <Code>243</Code>
    <FirstStationId>39425</FirstStationId>
    <LastStationId>39419</LastStationId>
    <Area>Jerusalem</Area>
    <IsRunningId>True</IsRunningId>
    <IsDeleted>False</IsDeleted>
  </DAOLine>
  <DAOLine>
    <Id>39</Id>
    <Code>572</Code>
    <FirstStationId>39486</FirstStationId>
    <LastStationId>40110</LastStationId>
    <Area>North</Area>
    <IsRunningId>True</IsRunningId>
    <IsDeleted>False</IsDeleted>
  </DAOLine>
  <DAOLine>
    <Id>40</Id>
    <Code>223</Code>
    <FirstStationId>39458</FirstStationId>
    <LastStationId>39945</LastStationId>
    <Area>Jerusalem</Area>
    <IsRunningId>True</IsRunningId>
    <IsDeleted>False</IsDeleted>
  </DAOLine>
  <DAOLine>
    <Id>41</Id>
    <Code>575</Code>
    <FirstStationId>39350</FirstStationId>
    <LastStationId>39468</LastStationId>
    <Area>Center</Area>
    <IsRunningId>True</IsRunningId>
    <IsDeleted>False</IsDeleted>
  </DAOLine>
  <DAOLine>
    <Id>42</Id>
    <Code>612</Code>
    <FirstStationId>39429</FirstStationId>
    <LastStationId>39187</LastStationId>
    <Area>General</Area>
    <IsRunningId>True</IsRunningId>
    <IsDeleted>False</IsDeleted>
  </DAOLine>
  <DAOLine>
    <Id>43</Id>
    <Code>97</Code>
    <FirstStationId>40253</FirstStationId>
    <LastStationId>38891</LastStationId>
    <Area>Center</Area>
    <IsRunningId>True</IsRunningId>
    <IsDeleted>False</IsDeleted>
  </DAOLine>
  <DAOLine>
    <Id>44</Id>
    <Code>76</Code>
    <FirstStationId>39831</FirstStationId>
    <LastStationId>39880</LastStationId>
    <Area>Center</Area>
    <IsRunningId>True</IsRunningId>
    <IsDeleted>False</IsDeleted>
  </DAOLine>
  <DAOLine>
    <Id>45</Id>
    <Code>872</Code>
    <FirstStationId>39510</FirstStationId>
    <LastStationId>40337</LastStationId>
    <Area>North</Area>
    <IsRunningId>True</IsRunningId>
    <IsDeleted>False</IsDeleted>
  </DAOLine>
  <DAOLine>
    <Id>46</Id>
    <Code>712</Code>
    <FirstStationId>39349</FirstStationId>
    <LastStationId>39079</LastStationId>
    <Area>General</Area>
    <IsRunningId>True</IsRunningId>
    <IsDeleted>False</IsDeleted>
  </DAOLine>
  <DAOLine>
    <Id>47</Id>
    <Code>745</Code>
    <FirstStationId>39838</FirstStationId>
    <LastStationId>39392</LastStationId>
    <Area>North</Area>
    <IsRunningId>True</IsRunningId>
    <IsDeleted>False</IsDeleted>
  </DAOLine>
  <DAOLine>
    <Id>48</Id>
    <Code>439</Code>
    <FirstStationId>39721</FirstStationId>
    <LastStationId>39107</LastStationId>
    <Area>South</Area>
    <IsRunningId>True</IsRunningId>
    <IsDeleted>False</IsDeleted>
  </DAOLine>
  <DAOLine>
    <Id>49</Id>
    <Code>836</Code>
    <FirstStationId>38872</FirstStationId>
    <LastStationId>39229</LastStationId>
    <Area>North</Area>
    <IsRunningId>True</IsRunningId>
    <IsDeleted>False</IsDeleted>
  </DAOLine>
  <DAOLine>
    <Id>50</Id>
    <Code>213</Code>
    <FirstStationId>40197</FirstStationId>
    <LastStationId>39068</LastStationId>
    <Area>Jerusalem</Area>
    <IsRunningId>True</IsRunningId>
    <IsDeleted>False</IsDeleted>
  </DAOLine>
  <DAOLine>
    <Id>51</Id>
    <Code>560</Code>
    <FirstStationId>40007</FirstStationId>
    <LastStationId>39707</LastStationId>
    <Area>Center</Area>
    <IsRunningId>True</IsRunningId>
    <IsDeleted>False</IsDeleted>
  </DAOLine>
  <DAOLine>
    <Id>52</Id>
    <Code>176</Code>
    <FirstStationId>39889</FirstStationId>
    <LastStationId>39899</LastStationId>
    <Area>General</Area>
    <IsRunningId>True</IsRunningId>
    <IsDeleted>False</IsDeleted>
  </DAOLine>
  <DAOLine>
    <Id>53</Id>
    <Code>950</Code>
    <FirstStationId>40120</FirstStationId>
    <LastStationId>39408</LastStationId>
    <Area>North</Area>
    <IsRunningId>True</IsRunningId>
    <IsDeleted>False</IsDeleted>
  </DAOLine>
  <DAOLine>
    <Id>54</Id>
    <Code>210</Code>
    <FirstStationId>39545</FirstStationId>
    <LastStationId>39425</LastStationId>
    <Area>Center</Area>
    <IsRunningId>True</IsRunningId>
    <IsDeleted>False</IsDeleted>
  </DAOLine>
  <DAOLine>
    <Id>55</Id>
    <Code>472</Code>
    <FirstStationId>38840</FirstStationId>
    <LastStationId>39790</LastStationId>
    <Area>South</Area>
    <IsRunningId>True</IsRunningId>
    <IsDeleted>False</IsDeleted>
  </DAOLine>
  <DAOLine>
    <Id>56</Id>
    <Code>669</Code>
    <FirstStationId>39056</FirstStationId>
    <LastStationId>39283</LastStationId>
    <Area>General</Area>
    <IsRunningId>True</IsRunningId>
    <IsDeleted>False</IsDeleted>
  </DAOLine>
  <DAOLine>
    <Id>57</Id>
    <Code>848</Code>
    <FirstStationId>39213</FirstStationId>
    <LastStationId>39318</LastStationId>
    <Area>North</Area>
    <IsRunningId>True</IsRunningId>
    <IsDeleted>False</IsDeleted>
  </DAOLine>
  <DAOLine>
    <Id>58</Id>
    <Code>294</Code>
    <FirstStationId>39911</FirstStationId>
    <LastStationId>39479</LastStationId>
    <Area>General</Area>
    <IsRunningId>True</IsRunningId>
    <IsDeleted>False</IsDeleted>
  </DAOLine>
  <DAOLine>
    <Id>59</Id>
    <Code>575</Code>
    <FirstStationId>39416</FirstStationId>
    <LastStationId>39765</LastStationId>
    <Area>North</Area>
    <IsRunningId>True</IsRunningId>
    <IsDeleted>False</IsDeleted>
  </DAOLine>
  <DAOLine>
    <Id>60</Id>
    <Code>343</Code>
    <FirstStationId>39634</FirstStationId>
    <LastStationId>39637</LastStationId>
    <Area>Center</Area>
    <IsRunningId>True</IsRunningId>
    <IsDeleted>False</IsDeleted>
  </DAOLine>
  <DAOLine>
    <Id>61</Id>
    <Code>45</Code>
    <FirstStationId>39412</FirstStationId>
    <LastStationId>39857</LastStationId>
    <Area>General</Area>
    <IsRunningId>True</IsRunningId>
    <IsDeleted>False</IsDeleted>
  </DAOLine>
  <DAOLine>
    <Id>62</Id>
    <Code>526</Code>
    <FirstStationId>40335</FirstStationId>
    <LastStationId>38877</LastStationId>
    <Area>South</Area>
    <IsRunningId>True</IsRunningId>
    <IsDeleted>False</IsDeleted>
  </DAOLine>
  <DAOLine>
    <Id>63</Id>
    <Code>584</Code>
    <FirstStationId>39100</FirstStationId>
    <LastStationId>38859</LastStationId>
    <Area>South</Area>
    <IsRunningId>True</IsRunningId>
    <IsDeleted>False</IsDeleted>
  </DAOLine>
  <DAOLine>
    <Id>64</Id>
    <Code>11</Code>
    <FirstStationId>39438</FirstStationId>
    <LastStationId>39299</LastStationId>
    <Area>North</Area>
    <IsRunningId>True</IsRunningId>
    <IsDeleted>False</IsDeleted>
  </DAOLine>
  <DAOLine>
    <Id>65</Id>
    <Code>149</Code>
    <FirstStationId>39367</FirstStationId>
    <LastStationId>39851</LastStationId>
    <Area>South</Area>
    <IsRunningId>True</IsRunningId>
    <IsDeleted>False</IsDeleted>
  </DAOLine>
  <DAOLine>
    <Id>66</Id>
    <Code>803</Code>
    <FirstStationId>40150</FirstStationId>
    <LastStationId>39822</LastStationId>
    <Area>Jerusalem</Area>
    <IsRunningId>True</IsRunningId>
    <IsDeleted>False</IsDeleted>
  </DAOLine>
  <DAOLine>
    <Id>67</Id>
    <Code>956</Code>
    <FirstStationId>40305</FirstStationId>
    <LastStationId>38867</LastStationId>
    <Area>General</Area>
    <IsRunningId>True</IsRunningId>
    <IsDeleted>False</IsDeleted>
  </DAOLine>
  <DAOLine>
    <Id>68</Id>
    <Code>753</Code>
    <FirstStationId>39930</FirstStationId>
    <LastStationId>39320</LastStationId>
    <Area>Center</Area>
    <IsRunningId>True</IsRunningId>
    <IsDeleted>False</IsDeleted>
  </DAOLine>
  <DAOLine>
    <Id>69</Id>
    <Code>606</Code>
    <FirstStationId>40012</FirstStationId>
    <LastStationId>39596</LastStationId>
    <Area>Jerusalem</Area>
    <IsRunningId>True</IsRunningId>
    <IsDeleted>False</IsDeleted>
  </DAOLine>
  <DAOLine>
    <Id>70</Id>
    <Code>69</Code>
    <FirstStationId>39392</FirstStationId>
    <LastStationId>39927</LastStationId>
    <Area>Center</Area>
    <IsRunningId>True</IsRunningId>
    <IsDeleted>False</IsDeleted>
  </DAOLine>
  <DAOLine>
    <Id>71</Id>
    <Code>480</Code>
    <FirstStationId>39541</FirstStationId>
    <LastStationId>39264</LastStationId>
    <Area>General</Area>
    <IsRunningId>True</IsRunningId>
    <IsDeleted>False</IsDeleted>
  </DAOLine>
  <DAOLine>
    <Id>72</Id>
    <Code>330</Code>
    <FirstStationId>39590</FirstStationId>
    <LastStationId>39238</LastStationId>
    <Area>General</Area>
    <IsRunningId>True</IsRunningId>
    <IsDeleted>False</IsDeleted>
  </DAOLine>
  <DAOLine>
    <Id>73</Id>
    <Code>303</Code>
    <FirstStationId>40168</FirstStationId>
    <LastStationId>39323</LastStationId>
    <Area>Center</Area>
    <IsRunningId>True</IsRunningId>
    <IsDeleted>False</IsDeleted>
  </DAOLine>
  <DAOLine>
    <Id>74</Id>
    <Code>267</Code>
    <FirstStationId>39980</FirstStationId>
    <LastStationId>39496</LastStationId>
    <Area>Center</Area>
    <IsRunningId>True</IsRunningId>
    <IsDeleted>False</IsDeleted>
  </DAOLine>
  <DAOLine>
    <Id>75</Id>
    <Code>215</Code>
    <FirstStationId>38881</FirstStationId>
    <LastStationId>40089</LastStationId>
    <Area>South</Area>
    <IsRunningId>True</IsRunningId>
    <IsDeleted>False</IsDeleted>
  </DAOLine>
  <DAOLine>
    <Id>76</Id>
    <Code>319</Code>
    <FirstStationId>39252</FirstStationId>
    <LastStationId>39763</LastStationId>
    <Area>Center</Area>
    <IsRunningId>True</IsRunningId>
    <IsDeleted>False</IsDeleted>
  </DAOLine>
  <DAOLine>
    <Id>77</Id>
    <Code>819</Code>
    <FirstStationId>39705</FirstStationId>
    <LastStationId>39317</LastStationId>
    <Area>Center</Area>
    <IsRunningId>True</IsRunningId>
    <IsDeleted>False</IsDeleted>
  </DAOLine>
  <DAOLine>
    <Id>78</Id>
    <Code>345</Code>
    <FirstStationId>39987</FirstStationId>
    <LastStationId>39958</LastStationId>
    <Area>South</Area>
    <IsRunningId>True</IsRunningId>
    <IsDeleted>False</IsDeleted>
  </DAOLine>
  <DAOLine>
    <Id>79</Id>
    <Code>248</Code>
    <FirstStationId>39622</FirstStationId>
    <LastStationId>39602</LastStationId>
    <Area>General</Area>
    <IsRunningId>True</IsRunningId>
    <IsDeleted>False</IsDeleted>
  </DAOLine>
  <DAOLine>
    <Id>80</Id>
    <Code>686</Code>
    <FirstStationId>39559</FirstStationId>
    <LastStationId>40275</LastStationId>
    <Area>Center</Area>
    <IsRunningId>True</IsRunningId>
    <IsDeleted>False</IsDeleted>
  </DAOLine>
  <DAOLine>
    <Id>81</Id>
    <Code>975</Code>
    <FirstStationId>39897</FirstStationId>
    <LastStationId>39475</LastStationId>
    <Area>South</Area>
    <IsRunningId>True</IsRunningId>
    <IsDeleted>False</IsDeleted>
  </DAOLine>
  <DAOLine>
    <Id>82</Id>
    <Code>438</Code>
    <FirstStationId>39195</FirstStationId>
    <LastStationId>38846</LastStationId>
    <Area>Center</Area>
    <IsRunningId>True</IsRunningId>
    <IsDeleted>False</IsDeleted>
  </DAOLine>
  <DAOLine>
    <Id>83</Id>
    <Code>305</Code>
    <FirstStationId>39569</FirstStationId>
    <LastStationId>40090</LastStationId>
    <Area>North</Area>
    <IsRunningId>True</IsRunningId>
    <IsDeleted>False</IsDeleted>
  </DAOLine>
  <DAOLine>
    <Id>84</Id>
    <Code>179</Code>
    <FirstStationId>39204</FirstStationId>
    <LastStationId>38921</LastStationId>
    <Area>General</Area>
    <IsRunningId>True</IsRunningId>
    <IsDeleted>False</IsDeleted>
  </DAOLine>
  <DAOLine>
    <Id>85</Id>
    <Code>4</Code>
    <FirstStationId>40285</FirstStationId>
    <LastStationId>39558</LastStationId>
    <Area>North</Area>
    <IsRunningId>True</IsRunningId>
    <IsDeleted>False</IsDeleted>
  </DAOLine>
  <DAOLine>
    <Id>86</Id>
    <Code>955</Code>
    <FirstStationId>38836</FirstStationId>
    <LastStationId>40159</LastStationId>
    <Area>General</Area>
    <IsRunningId>True</IsRunningId>
    <IsDeleted>False</IsDeleted>
  </DAOLine>
  <DAOLine>
    <Id>87</Id>
    <Code>550</Code>
    <FirstStationId>39383</FirstStationId>
    <LastStationId>39626</LastStationId>
    <Area>South</Area>
    <IsRunningId>True</IsRunningId>
    <IsDeleted>False</IsDeleted>
  </DAOLine>
  <DAOLine>
    <Id>88</Id>
    <Code>241</Code>
    <FirstStationId>39374</FirstStationId>
    <LastStationId>38861</LastStationId>
    <Area>Jerusalem</Area>
    <IsRunningId>True</IsRunningId>
    <IsDeleted>False</IsDeleted>
  </DAOLine>
  <DAOLine>
    <Id>89</Id>
    <Code>494</Code>
    <FirstStationId>39472</FirstStationId>
    <LastStationId>39012</LastStationId>
    <Area>Center</Area>
    <IsRunningId>True</IsRunningId>
    <IsDeleted>False</IsDeleted>
  </DAOLine>
  <DAOLine>
    <Id>90</Id>
    <Code>368</Code>
    <FirstStationId>39501</FirstStationId>
    <LastStationId>40335</LastStationId>
    <Area>South</Area>
    <IsRunningId>True</IsRunningId>
    <IsDeleted>False</IsDeleted>
  </DAOLine>
  <DAOLine>
    <Id>91</Id>
    <Code>718</Code>
    <FirstStationId>39462</FirstStationId>
    <LastStationId>39035</LastStationId>
    <Area>North</Area>
    <IsRunningId>True</IsRunningId>
    <IsDeleted>False</IsDeleted>
  </DAOLine>
  <DAOLine>
    <Id>92</Id>
    <Code>952</Code>
    <FirstStationId>39709</FirstStationId>
    <LastStationId>39282</LastStationId>
    <Area>North</Area>
    <IsRunningId>True</IsRunningId>
    <IsDeleted>False</IsDeleted>
  </DAOLine>
  <DAOLine>
    <Id>93</Id>
    <Code>266</Code>
    <FirstStationId>40160</FirstStationId>
    <LastStationId>40046</LastStationId>
    <Area>Center</Area>
    <IsRunningId>True</IsRunningId>
    <IsDeleted>False</IsDeleted>
  </DAOLine>
  <DAOLine>
    <Id>94</Id>
    <Code>595</Code>
    <FirstStationId>39819</FirstStationId>
    <LastStationId>40021</LastStationId>
    <Area>Jerusalem</Area>
    <IsRunningId>True</IsRunningId>
    <IsDeleted>False</IsDeleted>
  </DAOLine>
  <DAOLine>
    <Id>95</Id>
    <Code>343</Code>
    <FirstStationId>39155</FirstStationId>
    <LastStationId>39637</LastStationId>
    <Area>Jerusalem</Area>
    <IsRunningId>True</IsRunningId>
    <IsDeleted>False</IsDeleted>
  </DAOLine>
  <DAOLine>
    <Id>96</Id>
    <Code>465</Code>
    <FirstStationId>39104</FirstStationId>
    <LastStationId>39659</LastStationId>
    <Area>General</Area>
    <IsRunningId>True</IsRunningId>
    <IsDeleted>False</IsDeleted>
  </DAOLine>
  <DAOLine>
    <Id>97</Id>
    <Code>805</Code>
    <FirstStationId>39050</FirstStationId>
    <LastStationId>39676</LastStationId>
    <Area>General</Area>
    <IsRunningId>True</IsRunningId>
    <IsDeleted>False</IsDeleted>
  </DAOLine>
  <DAOLine>
    <Id>98</Id>
    <Code>357</Code>
    <FirstStationId>39042</FirstStationId>
    <LastStationId>39655</LastStationId>
    <Area>Jerusalem</Area>
    <IsRunningId>True</IsRunningId>
    <IsDeleted>False</IsDeleted>
  </DAOLine>
  <DAOLine>
    <Id>99</Id>
    <Code>605</Code>
    <FirstStationId>39846</FirstStationId>
    <LastStationId>39293</LastStationId>
    <Area>Center</Area>
    <IsRunningId>True</IsRunningId>
    <IsDeleted>False</IsDeleted>
  </DAOLine>
</root>